0.0137254901961,0.00588235294118,0.0107843137255,0.0078431372549,0.00392156862745,0.00392156862745,0.00588235294118,0.00196078431373,0.00392156862745,0.00392156862745,0.000980392156863,0.00294117647059,0.00294117647059,0.00196078431373,0.00196078431373,0.00294117647059,0.00196078431373,0.00196078431373,0.000980392156863,0.00196078431373,0.00196078431373,0.00196078431373,0.000980392156863,0.00196078431373,0.00294117647059,0.00294117647059,0.000980392156863,0.00392156862745,0.00196078431373,0.00196078431373,0.00392156862745,0.0176470588235
0.0288461538462,0.00961538461538,0.00192307692308,0.00769230769231,0.00576923076923,0.0230769230769,0.0115384615385,0.0134615384615,0.00576923076923,0.0115384615385,0.00384615384615,0.00961538461538,0.00961538461538,0.00576923076923,0.00576923076923,0.00576923076923,0.00769230769231,0.00192307692308,0.00576923076923,0.00576923076923,0.0134615384615,0.00384615384615,0.00961538461538,0.00576923076923,0.00961538461538,0.0115384615385,0.0115384615385,0.00576923076923,0.0173076923077,0.0115384615385,0.00576923076923,0.0211538461538
0.028493609889,0.00502828409805,0.0067043787974,0.0100565681961,0.028493609889,0.00838047349675,0.0033521893987,0.0117326628955,0.00838047349675,0.00838047349675,0.00838047349675,0.00502828409805,0.00167609469935,0.00838047349675,0.00502828409805,0.0033521893987,0.0067043787974,0.00502828409805,0.00502828409805,0.0067043787974,0.00502828409805,0.0067043787974,0.0033521893987,0.00502828409805,0.00502828409805,0.00838047349675,0.00838047349675,0.0100565681961,0.0067043787974,0.0,0.0100565681961,0.00502828409805
0.027972027972,0.00745920745921,0.00559440559441,0.0037296037296,0.0167832167832,0.0167832167832,0.0111888111888,0.00932400932401,0.00559440559441,0.0111888111888,0.00745920745921,0.0111888111888,0.0037296037296,0.0111888111888,0.0018648018648,0.00745920745921,0.00559440559441,0.00745920745921,0.0037296037296,0.00559440559441,0.00745920745921,0.00932400932401,0.00559440559441,0.00932400932401,0.00559440559441,0.0111888111888,0.0111888111888,0.0111888111888,0.0111888111888,0.0223776223776,0.0018648018648,0.0037296037296
0.0240740740741,0.00555555555556,0.0037037037037,0.0111111111111,0.0185185185185,0.00555555555556,0.00740740740741,0.00185185185185,0.00555555555556,0.00740740740741,0.00740740740741,0.0037037037037,0.00555555555556,0.0111111111111,0.00555555555556,0.00740740740741,0.00185185185185,0.00925925925926,0.00740740740741,0.00555555555556,0.012962962963,0.00185185185185,0.0111111111111,0.0037037037037,0.0037037037037,0.0148148148148,0.00740740740741,0.00740740740741,0.0037037037037,0.00185185185185,0.0037037037037,0.00925925925926
0.0261437908497,0.00522875816993,0.00522875816993,0.0,0.0296296296296,0.00174291938998,0.00522875816993,0.0104575163399,0.00697167755991,0.00522875816993,0.00871459694989,0.00697167755991,0.00174291938998,0.00522875816993,0.00697167755991,0.00522875816993,0.00697167755991,0.00871459694989,0.00697167755991,0.0104575163399,0.00174291938998,0.00522875816993,0.00871459694989,0.00522875816993,0.00697167755991,0.00871459694989,0.00348583877996,0.00697167755991,0.00174291938998,0.00871459694989,0.00697167755991,0.00871459694989
0.0173292558614,0.00407747196738,0.0183486238532,0.00407747196738,0.00815494393476,0.00611620795107,0.00611620795107,0.00305810397554,0.00611620795107,0.00203873598369,0.00305810397554,0.00407747196738,0.00407747196738,0.00203873598369,0.00305810397554,0.00203873598369,0.00203873598369,0.00101936799185,0.00407747196738,0.00203873598369,0.00305810397554,0.00101936799185,0.00203873598369,0.00305810397554,0.00509683995923,0.00407747196738,0.0,0.00305810397554,0.00407747196738,0.00509683995923,0.00611620795107,0.00713557594292
0.0474074074074,0.0118518518519,0.00395061728395,0.00395061728395,0.00395061728395,0.00395061728395,0.0118518518519,0.0237037037037,0.0079012345679,0.00395061728395,0.0079012345679,0.0158024691358,0.0118518518519,0.0079012345679,0.00395061728395,0.0158024691358,0.0118518518519,0.00395061728395,0.0276543209877,0.0079012345679,0.0237037037037,0.0079012345679,0.0237037037037,0.0158024691358,0.0118518518519,0.00395061728395,0.0197530864198,0.00395061728395,0.0158024691358,0.0079012345679,0.0118518518519,0.0118518518519
0.031862745098,0.00245098039216,0.00490196078431,0.00980392156863,0.00490196078431,0.0294117647059,0.00980392156863,0.0122549019608,0.00245098039216,0.0122549019608,0.00980392156863,0.00490196078431,0.0122549019608,0.00245098039216,0.00980392156863,0.00980392156863,0.0147058823529,0.00735294117647,0.0147058823529,0.00735294117647,0.0171568627451,0.0147058823529,0.00490196078431,0.00735294117647,0.00245098039216,0.0122549019608,0.00735294117647,0.0147058823529,0.00245098039216,0.00245098039216,0.00490196078431,0.00980392156863
0.0485142510612,0.0,0.00970285021225,0.00485142510612,0.00485142510612,0.0194057004245,0.00727713765919,0.0121285627653,0.00727713765919,0.00485142510612,0.0194057004245,0.00970285021225,0.00970285021225,0.00727713765919,0.0,0.00727713765919,0.00970285021225,0.00485142510612,0.0145542753184,0.00970285021225,0.0145542753184,0.0145542753184,0.0194057004245,0.00242571255306,0.0121285627653,0.00485142510612,0.0194057004245,0.0,0.00485142510612,0.00242571255306,0.00970285021225,0.0145542753184
0.0397177946172,0.0125424614581,0.00627123072903,0.00836164097204,0.00418082048602,0.00836164097204,0.0313561536452,0.00627123072903,0.0104520512151,0.00418082048602,0.00627123072903,0.0188136921871,0.00836164097204,0.00627123072903,0.0146328717011,0.00627123072903,0.0104520512151,0.0104520512151,0.00418082048602,0.00836164097204,0.0104520512151,0.0125424614581,0.0104520512151,0.0188136921871,0.0146328717011,0.0167232819441,0.0167232819441,0.00209041024301,0.00418082048602,0.00627123072903,0.0104520512151,0.0104520512151
0.0251428571429,0.0114285714286,0.00457142857143,0.00457142857143,0.00685714285714,0.0182857142857,0.0228571428571,0.00457142857143,0.016,0.00685714285714,0.00914285714286,0.00685714285714,0.00914285714286,0.00914285714286,0.00914285714286,0.0,0.0137142857143,0.00457142857143,0.00685714285714,0.00914285714286,0.00914285714286,0.0137142857143,0.00914285714286,0.0114285714286,0.0114285714286,0.0137142857143,0.00914285714286,0.00685714285714,0.00914285714286,0.0114285714286,0.00457142857143,0.0114285714286
0.043557168784,0.0181488203267,0.00725952813067,0.00725952813067,0.00362976406534,0.010889292196,0.0181488203267,0.0362976406534,0.0254083484574,0.00362976406534,0.010889292196,0.00362976406534,0.0181488203267,0.0181488203267,0.010889292196,0.00725952813067,0.0181488203267,0.00362976406534,0.0145190562613,0.0145190562613,0.0145190562613,0.021778584392,0.00362976406534,0.00725952813067,0.0181488203267,0.0145190562613,0.0145190562613,0.00362976406534,0.00362976406534,0.0145190562613,0.00362976406534,0.00725952813067
0.0435729847495,0.0174291938998,0.0,0.00290486564996,0.00871459694989,0.00871459694989,0.00290486564996,0.0290486564996,0.00580973129993,0.0145243282498,0.00871459694989,0.00871459694989,0.0116194625999,0.00871459694989,0.00871459694989,0.0174291938998,0.0116194625999,0.00580973129993,0.0145243282498,0.0116194625999,0.0174291938998,0.00580973129993,0.00871459694989,0.0145243282498,0.00871459694989,0.00871459694989,0.0232389251997,0.0145243282498,0.0145243282498,0.0116194625999,0.00871459694989,0.0174291938998
0.0253018976423,0.00460034502588,0.00690051753882,0.00460034502588,0.00460034502588,0.0138010350776,0.0184013801035,0.00460034502588,0.00920069005175,0.00920069005175,0.00920069005175,0.00920069005175,0.00920069005175,0.0115008625647,0.00460034502588,0.00460034502588,0.0138010350776,0.00690051753882,0.00460034502588,0.0184013801035,0.0230017251294,0.00920069005175,0.00920069005175,0.0161012075906,0.0161012075906,0.00920069005175,0.00920069005175,0.0161012075906,0.00690051753882,0.0115008625647,0.00230017251294,0.0184013801035
0.0299003322259,0.0132890365449,0.00664451827243,0.0,0.00996677740864,0.00332225913621,0.0199335548173,0.0132890365449,0.00996677740864,0.00664451827243,0.00996677740864,0.0166112956811,0.00664451827243,0.0,0.0132890365449,0.0132890365449,0.00332225913621,0.0132890365449,0.0132890365449,0.00996677740864,0.0199335548173,0.0365448504983,0.0132890365449,0.00332225913621,0.0199335548173,0.00996677740864,0.0132890365449,0.00664451827243,0.0,0.00996677740864,0.0132890365449,0.0132890365449
0.019512195122,0.00557491289199,0.00418118466899,0.018118466899,0.00418118466899,0.00418118466899,0.00557491289199,0.00696864111498,0.00418118466899,0.00418118466899,0.00557491289199,0.00278745644599,0.00278745644599,0.00557491289199,0.00418118466899,0.00278745644599,0.00418118466899,0.00278745644599,0.00696864111498,0.0,0.00418118466899,0.00696864111498,0.001393728223,0.00418118466899,0.012543554007,0.00557491289199,0.00975609756098,0.012543554007,0.00278745644599,0.00278745644599,0.00836236933798,0.00975609756098
0.0109014675052,0.0041928721174,0.00922431865828,0.00922431865828,0.00587002096436,0.00587002096436,0.00503144654088,0.00503144654088,0.0041928721174,0.00503144654088,0.00335429769392,0.0041928721174,0.00503144654088,0.00335429769392,0.0041928721174,0.00503144654088,0.00167714884696,0.00587002096436,0.00251572327044,0.0041928721174,0.0041928721174,0.00251572327044,0.00587002096436,0.00503144654088,0.00587002096436,0.0041928721174,0.00335429769392,0.00251572327044,0.0041928721174,0.00335429769392,0.00167714884696,0.0041928721174
0.0186647523331,0.00143575017947,0.00574300071788,0.00861450107681,0.00574300071788,0.00430725053841,0.00430725053841,0.00574300071788,0.00287150035894,0.00574300071788,0.00287150035894,0.00574300071788,0.00430725053841,0.00287150035894,0.00574300071788,0.00287150035894,0.00143575017947,0.00861450107681,0.00287150035894,0.00143575017947,0.00430725053841,0.00430725053841,0.00717875089734,0.0,0.00430725053841,0.00574300071788,0.00287150035894,0.00861450107681,0.00430725053841,0.00287150035894,0.00574300071788,0.00861450107681
0.0327700972862,0.00819252432156,0.00409626216078,0.00409626216078,0.00409626216078,0.0122887864823,0.0245775729647,0.00409626216078,0.0122887864823,0.00409626216078,0.00409626216078,0.0122887864823,0.00819252432156,0.0,0.00819252432156,0.0163850486431,0.00819252432156,0.00819252432156,0.00819252432156,0.0122887864823,0.0122887864823,0.00819252432156,0.0163850486431,0.0204813108039,0.0122887864823,0.0286738351254,0.00409626216078,0.0122887864823,0.00819252432156,0.0,0.0163850486431,0.00819252432156
0.0459770114943,0.00766283524904,0.00383141762452,0.00383141762452,0.00383141762452,0.00766283524904,0.0268199233716,0.00766283524904,0.00766283524904,0.0114942528736,0.00766283524904,0.0114942528736,0.0114942528736,0.00383141762452,0.00383141762452,0.0191570881226,0.00383141762452,0.00383141762452,0.0114942528736,0.00766283524904,0.0114942528736,0.0,0.0229885057471,0.0114942528736,0.0191570881226,0.0114942528736,0.00766283524904,0.0229885057471,0.0,0.0229885057471,0.0,0.0268199233716
0.0447504302926,0.0103270223752,0.0,0.00688468158348,0.0103270223752,0.013769363167,0.0309810671256,0.0103270223752,0.0103270223752,0.0103270223752,0.00688468158348,0.00688468158348,0.013769363167,0.0103270223752,0.00688468158348,0.0172117039587,0.013769363167,0.0103270223752,0.0206540447504,0.00688468158348,0.0206540447504,0.013769363167,0.00688468158348,0.0103270223752,0.0103270223752,0.00344234079174,0.0103270223752,0.00688468158348,0.013769363167,0.00344234079174,0.013769363167,0.0103270223752
0.034749034749,0.011583011583,0.011583011583,0.015444015444,0.003861003861,0.011583011583,0.00772200772201,0.030888030888,0.023166023166,0.011583011583,0.023166023166,0.003861003861,0.011583011583,0.019305019305,0.011583011583,0.003861003861,0.023166023166,0.0,0.00772200772201,0.030888030888,0.015444015444,0.015444015444,0.015444015444,0.00772200772201,0.011583011583,0.019305019305,0.003861003861,0.011583011583,0.003861003861,0.00772200772201,0.003861003861,0.019305019305
0.0238948626045,0.00955794504182,0.00477897252091,0.00238948626045,0.00238948626045,0.0286738351254,0.0215053763441,0.00238948626045,0.00955794504182,0.00955794504182,0.00477897252091,0.00955794504182,0.0119474313023,0.0119474313023,0.00477897252091,0.0119474313023,0.00716845878136,0.00955794504182,0.0143369175627,0.0119474313023,0.0119474313023,0.0167264038232,0.0119474313023,0.00955794504182,0.00477897252091,0.0119474313023,0.0167264038232,0.00477897252091,0.0119474313023,0.0215053763441,0.00716845878136,0.00238948626045
0.0315789473684,0.00842105263158,0.00631578947368,0.00842105263158,0.00631578947368,0.0294736842105,0.0105263157895,0.00631578947368,0.0105263157895,0.0105263157895,0.0105263157895,0.00842105263158,0.00631578947368,0.00421052631579,0.0105263157895,0.00421052631579,0.00842105263158,0.00842105263158,0.0105263157895,0.00210526315789,0.0105263157895,0.0105263157895,0.00631578947368,0.0105263157895,0.00842105263158,0.00842105263158,0.0126315789474,0.00842105263158,0.0105263157895,0.0126315789474,0.0105263157895,0.00842105263158
0.0335097001764,0.00352733686067,0.00352733686067,0.00176366843034,0.00705467372134,0.00881834215168,0.00705467372134,0.00705467372134,0.00705467372134,0.00529100529101,0.00352733686067,0.00529100529101,0.00705467372134,0.00352733686067,0.00529100529101,0.00352733686067,0.00176366843034,0.00705467372134,0.00705467372134,0.00352733686067,0.00705467372134,0.00529100529101,0.00529100529101,0.00529100529101,0.00176366843034,0.00529100529101,0.00705467372134,0.00176366843034,0.00529100529101,0.00529100529101,0.00529100529101,0.010582010582
0.040899795501,0.00584282792872,0.00350569675723,0.00350569675723,0.00584282792872,0.00701139351446,0.0105170902717,0.00584282792872,0.00584282792872,0.00701139351446,0.00350569675723,0.00584282792872,0.00467426234297,0.00584282792872,0.00584282792872,0.00584282792872,0.00584282792872,0.00934852468595,0.00116856558574,0.00233713117149,0.00467426234297,0.00467426234297,0.00350569675723,0.00467426234297,0.00467426234297,0.00116856558574,0.00467426234297,0.00233713117149,0.00350569675723,0.00233713117149,0.00350569675723,0.0105170902717
0.0423512230741,0.00292077400511,0.00292077400511,0.00292077400511,0.00438116100767,0.00876232201533,0.00584154801022,0.0102227090179,0.00438116100767,0.00292077400511,0.00584154801022,0.00730193501278,0.00292077400511,0.00292077400511,0.00730193501278,0.00730193501278,0.00584154801022,0.00876232201533,0.00438116100767,0.0,0.00146038700256,0.00584154801022,0.00146038700256,0.00584154801022,0.00438116100767,0.00584154801022,0.00292077400511,0.00438116100767,0.00292077400511,0.00292077400511,0.00438116100767,0.0102227090179
0.0224089635854,0.00268907563025,0.00179271708683,0.00627450980392,0.0053781512605,0.0053781512605,0.00358543417367,0.00268907563025,0.00358543417367,0.00358543417367,0.000896358543417,0.00448179271709,0.00268907563025,0.00179271708683,0.00179271708683,0.00268907563025,0.000896358543417,0.00358543417367,0.000896358543417,0.00179271708683,0.00268907563025,0.00179271708683,0.000896358543417,0.00358543417367,0.000896358543417,0.00268907563025,0.00268907563025,0.00179271708683,0.00179271708683,0.00179271708683,0.00268907563025,0.0233053221289
0.0245892951775,0.0042395336513,0.00169581346052,0.0084790673026,0.0084790673026,0.00508744038156,0.00339162692104,0.00508744038156,0.00169581346052,0.00084790673026,0.00593534711182,0.00169581346052,0.00084790673026,0.00339162692104,0.00339162692104,0.00169581346052,0.0,0.00254372019078,0.00169581346052,0.00254372019078,0.00254372019078,0.00169581346052,0.00254372019078,0.00169581346052,0.00254372019078,0.00084790673026,0.00339162692104,0.00254372019078,0.0042395336513,0.00169581346052,0.00593534711182,0.0084790673026
0.0345536816125,0.00493624023036,0.00493624023036,0.00493624023036,0.00164541341012,0.00658165364048,0.00658165364048,0.00987248046072,0.0082270670506,0.00658165364048,0.00658165364048,0.00658165364048,0.00658165364048,0.00493624023036,0.00493624023036,0.00987248046072,0.00164541341012,0.0115178938708,0.00987248046072,0.00164541341012,0.0082270670506,0.00329082682024,0.00658165364048,0.00987248046072,0.00493624023036,0.00493624023036,0.0,0.00658165364048,0.00329082682024,0.0082270670506,0.00658165364048,0.0082270670506
0.0229885057471,0.00241984271022,0.00241984271022,0.00241984271022,0.00483968542045,0.00725952813067,0.00846944948578,0.00120992135511,0.00725952813067,0.00483968542045,0.00362976406534,0.00725952813067,0.00241984271022,0.00846944948578,0.00604960677556,0.00483968542045,0.00604960677556,0.00846944948578,0.010889292196,0.00483968542045,0.00725952813067,0.00362976406534,0.00846944948578,0.00362976406534,0.0,0.00362976406534,0.00362976406534,0.00483968542045,0.00483968542045,0.00483968542045,0.00604960677556,0.00604960677556
0.0232490555071,0.00581226387678,0.00232490555071,0.00232490555071,0.00464981110142,0.00464981110142,0.00813716942749,0.00581226387678,0.00464981110142,0.00464981110142,0.00581226387678,0.00464981110142,0.00581226387678,0.00929962220285,0.00697471665214,0.00581226387678,0.00581226387678,0.00348735832607,0.00464981110142,0.00232490555071,0.00697471665214,0.00116245277536,0.00581226387678,0.00581226387678,0.00348735832607,0.00232490555071,0.00348735832607,0.00348735832607,0.00348735832607,0.00697471665214,0.00232490555071,0.00581226387678
0.0270498732037,0.00450831220062,0.00112707805015,0.00676246830093,0.00225415610031,0.00563539025077,0.00788954635108,0.00676246830093,0.00563539025077,0.00563539025077,0.00450831220062,0.00676246830093,0.00563539025077,0.00450831220062,0.00450831220062,0.00338123415046,0.00563539025077,0.00901662440124,0.00338123415046,0.00788954635108,0.00563539025077,0.00788954635108,0.00225415610031,0.00676246830093,0.00563539025077,0.00450831220062,0.00450831220062,0.00225415610031,0.00788954635108,0.00563539025077,0.00225415610031,0.00563539025077
0.042328042328,0.00352733686067,0.00352733686067,0.00176366843034,0.00529100529101,0.00352733686067,0.00529100529101,0.0123456790123,0.00705467372134,0.00352733686067,0.015873015873,0.00176366843034,0.010582010582,0.0123456790123,0.0123456790123,0.00352733686067,0.00705467372134,0.00529100529101,0.00352733686067,0.00881834215168,0.00705467372134,0.00352733686067,0.00881834215168,0.00705467372134,0.00529100529101,0.00352733686067,0.00529100529101,0.00529100529101,0.00705467372134,0.00705467372134,0.010582010582,0.0141093474427
0.0460115028757,0.00600150037509,0.00400100025006,0.00200050012503,0.00400100025006,0.00400100025006,0.00400100025006,0.0120030007502,0.00800200050013,0.0120030007502,0.00200050012503,0.0120030007502,0.00600150037509,0.00400100025006,0.0120030007502,0.00800200050013,0.00600150037509,0.00400100025006,0.0200050012503,0.00400100025006,0.00200050012503,0.00800200050013,0.00400100025006,0.00600150037509,0.00800200050013,0.00600150037509,0.00600150037509,0.00600150037509,0.00800200050013,0.00600150037509,0.00600150037509,0.00200050012503
0.0333454150054,0.00434940195723,0.00144980065241,0.00289960130482,0.00724900326205,0.0144980065241,0.00434940195723,0.00144980065241,0.00434940195723,0.00724900326205,0.00289960130482,0.00579920260964,0.00434940195723,0.00434940195723,0.00144980065241,0.00579920260964,0.00579920260964,0.00289960130482,0.00434940195723,0.00434940195723,0.00434940195723,0.00579920260964,0.00724900326205,0.00289960130482,0.0,0.00579920260964,0.00579920260964,0.00434940195723,0.0101486045669,0.00289960130482,0.00289960130482,0.00434940195723
0.0199170124481,0.00221300138313,0.00221300138313,0.00663900414938,0.00774550484094,0.00331950207469,0.00442600276625,0.00553250345781,0.00221300138313,0.00442600276625,0.00110650069156,0.00553250345781,0.00110650069156,0.00442600276625,0.00110650069156,0.00442600276625,0.00221300138313,0.00221300138313,0.00331950207469,0.00442600276625,0.00442600276625,0.00221300138313,0.00331950207469,0.00221300138313,0.00553250345781,0.00331950207469,0.00331950207469,0.00553250345781,0.00663900414938,0.00110650069156,0.00221300138313,0.00442600276625
0.0341333333333,0.0,0.0064,0.00213333333333,0.00426666666667,0.00853333333333,0.0106666666667,0.0064,0.00853333333333,0.0064,0.0064,0.00426666666667,0.0064,0.00853333333333,0.00426666666667,0.00426666666667,0.00213333333333,0.0064,0.0149333333333,0.0064,0.0064,0.00213333333333,0.00213333333333,0.0213333333333,0.00426666666667,0.00426666666667,0.00426666666667,0.00426666666667,0.00213333333333,0.00426666666667,0.00426666666667,0.00213333333333
0.021875,0.003125,0.00416666666667,0.00520833333333,0.00625,0.00625,0.00208333333333,0.00625,0.00208333333333,0.003125,0.00520833333333,0.00104166666667,0.00520833333333,0.00416666666667,0.00208333333333,0.003125,0.003125,0.003125,0.00416666666667,0.003125,0.00729166666667,0.00104166666667,0.003125,0.00208333333333,0.00208333333333,0.003125,0.003125,0.003125,0.00208333333333,0.00416666666667,0.00208333333333,0.00520833333333
0.0505928853755,0.00632411067194,0.00632411067194,0.00316205533597,0.00316205533597,0.00316205533597,0.00632411067194,0.0158102766798,0.00632411067194,0.00948616600791,0.00948616600791,0.00632411067194,0.0126482213439,0.00948616600791,0.0,0.0126482213439,0.0158102766798,0.00316205533597,0.00632411067194,0.00316205533597,0.00632411067194,0.00948616600791,0.00632411067194,0.00316205533597,0.00632411067194,0.00948616600791,0.00948616600791,0.00948616600791,0.00948616600791,0.00632411067194,0.00948616600791,0.00316205533597
0.0375510204082,0.0,0.00326530612245,0.00163265306122,0.00816326530612,0.0065306122449,0.00979591836735,0.00489795918367,0.0065306122449,0.00163265306122,0.00979591836735,0.00326530612245,0.00326530612245,0.0065306122449,0.00326530612245,0.0065306122449,0.00163265306122,0.00979591836735,0.0,0.0065306122449,0.0065306122449,0.00326530612245,0.00326530612245,0.00326530612245,0.00326530612245,0.00326530612245,0.00326530612245,0.0065306122449,0.00326530612245,0.00326530612245,0.00489795918367,0.00816326530612
0.0209150326797,0.00313725490196,0.00209150326797,0.00627450980392,0.00522875816993,0.00418300653595,0.00522875816993,0.00418300653595,0.00209150326797,0.00313725490196,0.00522875816993,0.00209150326797,0.00313725490196,0.00209150326797,0.00418300653595,0.00418300653595,0.0,0.00627450980392,0.00104575163399,0.00522875816993,0.00313725490196,0.00418300653595,0.00104575163399,0.00313725490196,0.00209150326797,0.00209150326797,0.00209150326797,0.00418300653595,0.00313725490196,0.00104575163399,0.00313725490196,0.00627450980392
0.0239028944911,0.0014939309057,0.00373482726424,0.00597572362278,0.00746965452848,0.00522875816993,0.00373482726424,0.00298786181139,0.00448179271709,0.00298786181139,0.00373482726424,0.00373482726424,0.00224089635854,0.00298786181139,0.00298786181139,0.00298786181139,0.00373482726424,0.00373482726424,0.00373482726424,0.00224089635854,0.00448179271709,0.00298786181139,0.000746965452848,0.00298786181139,0.00224089635854,0.00373482726424,0.00224089635854,0.000746965452848,0.00224089635854,0.0014939309057,0.00448179271709,0.00298786181139
0.0206162464986,0.00268907563025,0.00358543417367,0.00448179271709,0.00627450980392,0.00448179271709,0.00448179271709,0.00268907563025,0.00358543417367,0.00268907563025,0.00358543417367,0.00268907563025,0.00268907563025,0.00179271708683,0.00268907563025,0.00268907563025,0.00179271708683,0.00179271708683,0.00448179271709,0.00179271708683,0.00268907563025,0.00179271708683,0.00358543417367,0.00179271708683,0.00268907563025,0.00358543417367,0.00358543417367,0.00179271708683,0.000896358543417,0.00358543417367,0.000896358543417,0.0170308123249
0.0196078431373,0.00156862745098,0.00392156862745,0.00549019607843,0.00627450980392,0.00392156862745,0.00313725490196,0.00235294117647,0.00392156862745,0.00392156862745,0.00235294117647,0.00313725490196,0.00392156862745,0.00156862745098,0.00549019607843,0.00078431372549,0.00392156862745,0.00235294117647,0.00313725490196,0.00156862745098,0.00313725490196,0.00392156862745,0.00235294117647,0.00627450980392,0.00078431372549,0.00392156862745,0.00078431372549,0.00235294117647,0.00235294117647,0.00392156862745,0.00156862745098,0.0117647058824
0.0207991242474,0.00218938149973,0.00218938149973,0.00985221674877,0.00328407224959,0.00547345374932,0.00218938149973,0.00328407224959,0.00437876299945,0.00437876299945,0.00218938149973,0.00328407224959,0.00437876299945,0.00109469074986,0.00218938149973,0.00547345374932,0.00109469074986,0.00328407224959,0.00437876299945,0.00437876299945,0.00547345374932,0.00218938149973,0.00328407224959,0.00109469074986,0.00218938149973,0.00328407224959,0.00547345374932,0.00218938149973,0.00218938149973,0.00328407224959,0.00328407224959,0.00328407224959
0.0368078692686,0.00253847374266,0.00126923687133,0.00634618435666,0.0101538949706,0.00888465809932,0.00634618435666,0.00380771061399,0.00634618435666,0.00634618435666,0.00253847374266,0.00507694748532,0.00380771061399,0.00380771061399,0.00634618435666,0.00253847374266,0.00507694748532,0.00380771061399,0.00507694748532,0.00634618435666,0.00507694748532,0.00507694748532,0.00507694748532,0.0,0.00253847374266,0.00507694748532,0.00253847374266,0.0,0.00253847374266,0.0,0.00253847374266,0.00380771061399
0.0435339308579,0.00512163892446,0.0,0.00256081946223,0.00768245838668,0.00512163892446,0.0128040973111,0.00768245838668,0.00768245838668,0.00768245838668,0.00512163892446,0.00256081946223,0.00512163892446,0.0102432778489,0.00256081946223,0.0102432778489,0.0128040973111,0.00512163892446,0.00512163892446,0.00768245838668,0.00768245838668,0.0102432778489,0.00768245838668,0.00256081946223,0.0,0.0102432778489,0.00512163892446,0.00256081946223,0.00256081946223,0.00256081946223,0.00512163892446,0.00256081946223
0.0431609013012,0.00253887654713,0.00507775309426,0.0,0.00507775309426,0.00761662964138,0.00507775309426,0.0152332592828,0.00507775309426,0.00253887654713,0.0101555061885,0.00761662964138,0.00761662964138,0.00761662964138,0.0,0.0152332592828,0.0101555061885,0.00253887654713,0.00761662964138,0.00253887654713,0.00761662964138,0.00761662964138,0.00253887654713,0.0101555061885,0.00507775309426,0.00253887654713,0.00507775309426,0.0101555061885,0.00507775309426,0.00253887654713,0.00253887654713,0.0101555061885
0.00944510035419,0.0,0.0188902007084,0.00944510035419,0.0,0.00944510035419,0.00944510035419,0.00944510035419,0.0283353010626,0.0,0.00944510035419,0.0,0.0188902007084,0.00944510035419,0.0377804014168,0.00944510035419,0.0188902007084,0.0188902007084,0.00944510035419,0.047225501771,0.0,0.0188902007084,0.0566706021251,0.00944510035419,0.00944510035419,0.0,0.0,0.00944510035419,0.0,0.00944510035419,0.0188902007084,0.00944510035419
0.00498442367601,0.0,0.00996884735202,0.0,0.0,0.00996884735202,0.00996884735202,0.00498442367601,0.00498442367601,0.00498442367601,0.014953271028,0.00996884735202,0.00498442367601,0.00996884735202,0.00498442367601,0.00996884735202,0.00498442367601,0.014953271028,0.00498442367601,0.00498442367601,0.00498442367601,0.0249221183801,0.00498442367601,0.00996884735202,0.014953271028,0.00498442367601,0.014953271028,0.00996884735202,0.014953271028,0.014953271028,0.019937694704,0.0249221183801
0.00766283524904,0.0,0.00766283524904,0.0,0.0095785440613,0.00766283524904,0.0095785440613,0.00191570881226,0.00383141762452,0.00766283524904,0.00383141762452,0.00383141762452,0.00191570881226,0.00574712643678,0.00766283524904,0.00191570881226,0.00383141762452,0.00191570881226,0.00766283524904,0.00766283524904,0.00383141762452,0.00766283524904,0.00383141762452,0.00766283524904,0.00574712643678,0.00574712643678,0.00383141762452,0.0095785440613,0.00574712643678,0.00766283524904,0.0134099616858,0.00766283524904
0.015873015873,0.0,0.0,0.0,0.015873015873,0.0,0.015873015873,0.0,0.0,0.015873015873,0.015873015873,0.015873015873,0.0,0.0,0.015873015873,0.015873015873,0.0634920634921,0.0,0.015873015873,0.0,0.031746031746,0.015873015873,0.031746031746,0.0634920634921,0.015873015873,0.0,0.047619047619,0.015873015873,0.031746031746,0.0,0.015873015873,0.031746031746
0.0224089635854,0.0,0.0,0.0,0.0224089635854,0.0,0.0224089635854,0.0224089635854,0.0224089635854,0.0,0.0224089635854,0.0,0.0224089635854,0.0224089635854,0.0448179271709,0.0,0.0448179271709,0.0224089635854,0.0448179271709,0.0,0.0448179271709,0.0448179271709,0.0224089635854,0.0448179271709,0.0,0.0448179271709,0.0224089635854,0.0,0.0224089635854,0.0,0.0,0.0448179271709
0.00866738894908,0.00866738894908,0.0,0.00866738894908,0.0,0.0,0.0346695557963,0.00866738894908,0.00866738894908,0.0173347778982,0.00866738894908,0.00866738894908,0.00866738894908,0.0346695557963,0.0,0.0260021668472,0.00866738894908,0.0260021668472,0.0260021668472,0.0173347778982,0.0260021668472,0.0173347778982,0.0346695557963,0.0346695557963,0.0173347778982,0.0,0.00866738894908,0.00866738894908,0.00866738894908,0.0173347778982,0.0,0.0173347778982
0.0141093474427,0.0,0.0141093474427,0.0,0.0,0.0141093474427,0.0,0.0141093474427,0.0141093474427,0.0,0.0141093474427,0.0141093474427,0.0282186948854,0.0141093474427,0.0141093474427,0.0141093474427,0.0141093474427,0.0282186948854,0.0282186948854,0.0141093474427,0.0282186948854,0.0,0.0564373897707,0.0,0.0,0.0282186948854,0.042328042328,0.0141093474427,0.042328042328,0.0141093474427,0.0141093474427,0.0141093474427
0.010582010582,0.0,0.0,0.0,0.021164021164,0.0,0.0,0.010582010582,0.021164021164,0.021164021164,0.0,0.021164021164,0.0,0.0,0.042328042328,0.031746031746,0.010582010582,0.0,0.0,0.010582010582,0.021164021164,0.031746031746,0.0,0.031746031746,0.042328042328,0.010582010582,0.010582010582,0.031746031746,0.031746031746,0.031746031746,0.021164021164,0.042328042328
0.00395452298566,0.00395452298566,0.00395452298566,0.00395452298566,0.00790904597133,0.00790904597133,0.011863568957,0.00790904597133,0.0,0.023727137914,0.00395452298566,0.00395452298566,0.00790904597133,0.0,0.00395452298566,0.011863568957,0.011863568957,0.00395452298566,0.00395452298566,0.011863568957,0.00790904597133,0.00790904597133,0.00790904597133,0.011863568957,0.011863568957,0.0158180919427,0.0158180919427,0.0,0.0158180919427,0.0197726149283,0.011863568957,0.00395452298566
0.00505050505051,0.00505050505051,0.0,0.00505050505051,0.00505050505051,0.0151515151515,0.00505050505051,0.010101010101,0.010101010101,0.00505050505051,0.0151515151515,0.00505050505051,0.010101010101,0.00505050505051,0.0,0.010101010101,0.0151515151515,0.00505050505051,0.010101010101,0.0,0.010101010101,0.0151515151515,0.0151515151515,0.020202020202,0.010101010101,0.010101010101,0.0,0.0151515151515,0.020202020202,0.010101010101,0.040404040404,0.0151515151515
0.00865800865801,0.0,0.00865800865801,0.0,0.0,0.017316017316,0.017316017316,0.00865800865801,0.00865800865801,0.00865800865801,0.0,0.034632034632,0.0,0.0,0.017316017316,0.0,0.017316017316,0.00865800865801,0.00865800865801,0.025974025974,0.0,0.00865800865801,0.025974025974,0.0,0.017316017316,0.025974025974,0.017316017316,0.00865800865801,0.017316017316,0.025974025974,0.017316017316,0.025974025974
0.010355987055,0.0,0.00517799352751,0.00517799352751,0.00517799352751,0.00517799352751,0.010355987055,0.00517799352751,0.00517799352751,0.0155339805825,0.0155339805825,0.0155339805825,0.00517799352751,0.010355987055,0.0,0.010355987055,0.02071197411,0.0,0.010355987055,0.00517799352751,0.0155339805825,0.0,0.010355987055,0.0258899676375,0.0155339805825,0.00517799352751,0.010355987055,0.010355987055,0.0258899676375,0.0155339805825,0.00517799352751,0.010355987055
0.0062015503876,0.0,0.0,0.0062015503876,0.0124031007752,0.0062015503876,0.0,0.0124031007752,0.0062015503876,0.0124031007752,0.0062015503876,0.0186046511628,0.0124031007752,0.0124031007752,0.0186046511628,0.0062015503876,0.0124031007752,0.0186046511628,0.0062015503876,0.0124031007752,0.0186046511628,0.0434108527132,0.0,0.031007751938,0.0186046511628,0.0062015503876,0.0186046511628,0.0062015503876,0.0062015503876,0.0062015503876,0.0186046511628,0.0124031007752
0.00421052631579,0.0168421052632,0.0,0.0,0.00842105263158,0.00842105263158,0.0126315789474,0.00842105263158,0.00842105263158,0.00842105263158,0.00421052631579,0.0126315789474,0.00421052631579,0.0126315789474,0.0126315789474,0.00842105263158,0.00421052631579,0.0,0.0168421052632,0.00842105263158,0.0210526315789,0.0168421052632,0.00421052631579,0.00842105263158,0.00842105263158,0.00842105263158,0.0168421052632,0.00842105263158,0.0294736842105,0.0168421052632,0.00842105263158,0.0126315789474
0.00566304860783,0.00755073147711,0.0,0.00188768286928,0.0113260972157,0.00566304860783,0.00566304860783,0.00566304860783,0.00377536573856,0.00566304860783,0.00755073147711,0.00188768286928,0.00188768286928,0.00755073147711,0.00755073147711,0.00377536573856,0.00566304860783,0.00188768286928,0.00566304860783,0.00943841434639,0.0113260972157,0.00755073147711,0.00377536573856,0.00566304860783,0.00188768286928,0.00755073147711,0.00943841434639,0.0113260972157,0.00943841434639,0.00566304860783,0.00755073147711,0.00943841434639
0.00486618004866,0.00486618004866,0.00486618004866,0.00486618004866,0.00243309002433,0.00729927007299,0.00486618004866,0.00973236009732,0.00486618004866,0.00729927007299,0.00729927007299,0.00486618004866,0.00729927007299,0.00486618004866,0.00729927007299,0.00243309002433,0.00729927007299,0.00486618004866,0.00973236009732,0.00973236009732,0.00243309002433,0.00973236009732,0.0121654501217,0.00973236009732,0.00486618004866,0.00973236009732,0.00486618004866,0.0121654501217,0.0194647201946,0.00973236009732,0.00729927007299,0.00973236009732
0.025641025641,0.0,0.0,0.025641025641,0.0,0.025641025641,0.0,0.0,0.0,0.0,0.0,0.0,0.025641025641,0.0512820512821,0.025641025641,0.0,0.025641025641,0.0512820512821,0.0,0.025641025641,0.025641025641,0.025641025641,0.0,0.0512820512821,0.025641025641,0.0769230769231,0.0512820512821,0.025641025641,0.0,0.0,0.025641025641,0.025641025641
0.00470035252644,0.0,0.00940070505288,0.0,0.00470035252644,0.00940070505288,0.00940070505288,0.0188014101058,0.0188014101058,0.00470035252644,0.0282021151586,0.0188014101058,0.0141010575793,0.00940070505288,0.0188014101058,0.00940070505288,0.0188014101058,0.0329024676851,0.00940070505288,0.0235017626322,0.0282021151586,0.0141010575793,0.00470035252644,0.0141010575793,0.00470035252644,0.0235017626322,0.0188014101058,0.00940070505288,0.00470035252644,0.0,0.0235017626322,0.0235017626322
0.00763358778626,0.00254452926209,0.0101781170483,0.00508905852417,0.00508905852417,0.00508905852417,0.0152671755725,0.0101781170483,0.0,0.0127226463104,0.00763358778626,0.00763358778626,0.00508905852417,0.00254452926209,0.0101781170483,0.0101781170483,0.0152671755725,0.00508905852417,0.0,0.0101781170483,0.00508905852417,0.00763358778626,0.0101781170483,0.00763358778626,0.00763358778626,0.0101781170483,0.00254452926209,0.0127226463104,0.0,0.00763358778626,0.00763358778626,0.0178117048346
0.0027045300879,0.00676132521974,0.00540906017579,0.00811359026369,0.00676132521974,0.00540906017579,0.00676132521974,0.00405679513185,0.00135226504395,0.00540906017579,0.0027045300879,0.00540906017579,0.00405679513185,0.00405679513185,0.0027045300879,0.00405679513185,0.00676132521974,0.0027045300879,0.00676132521974,0.0027045300879,0.00676132521974,0.0027045300879,0.00946585530764,0.00540906017579,0.0027045300879,0.00540906017579,0.00405679513185,0.00811359026369,0.00811359026369,0.0027045300879,0.0027045300879,0.00405679513185
0.00555555555556,0.00925925925926,0.0037037037037,0.00555555555556,0.00740740740741,0.00925925925926,0.00925925925926,0.012962962963,0.00555555555556,0.0037037037037,0.00925925925926,0.0037037037037,0.00740740740741,0.00740740740741,0.00740740740741,0.00185185185185,0.012962962963,0.00740740740741,0.0037037037037,0.00740740740741,0.0037037037037,0.00740740740741,0.00555555555556,0.00555555555556,0.0111111111111,0.0037037037037,0.00555555555556,0.00740740740741,0.0,0.00555555555556,0.0111111111111,0.0148148148148
0.0211764705882,0.00705882352941,0.00470588235294,0.00470588235294,0.00941176470588,0.0117647058824,0.00235294117647,0.0141176470588,0.00235294117647,0.00470588235294,0.00470588235294,0.00705882352941,0.00941176470588,0.00235294117647,0.00470588235294,0.00941176470588,0.00470588235294,0.0117647058824,0.00705882352941,0.00705882352941,0.00235294117647,0.00705882352941,0.00705882352941,0.00941176470588,0.00941176470588,0.00470588235294,0.00470588235294,0.00470588235294,0.00470588235294,0.0117647058824,0.0141176470588,0.00470588235294
0.00333333333333,0.00666666666667,0.00444444444444,0.00666666666667,0.00888888888889,0.00555555555556,0.00333333333333,0.00444444444444,0.00555555555556,0.00222222222222,0.00444444444444,0.00444444444444,0.00444444444444,0.00888888888889,0.00444444444444,0.01,0.00777777777778,0.00333333333333,0.00777777777778,0.0133333333333,0.00555555555556,0.00333333333333,0.00555555555556,0.00222222222222,0.00666666666667,0.00333333333333,0.00222222222222,0.00111111111111,0.00222222222222,0.0,0.00222222222222,0.00555555555556
0.00966183574879,0.0048309178744,0.0048309178744,0.00644122383253,0.00805152979066,0.00161030595813,0.00644122383253,0.0048309178744,0.00161030595813,0.0048309178744,0.00322061191626,0.00644122383253,0.00644122383253,0.00322061191626,0.00644122383253,0.00644122383253,0.00966183574879,0.00644122383253,0.0,0.00644122383253,0.00161030595813,0.0048309178744,0.00805152979066,0.00161030595813,0.00322061191626,0.00644122383253,0.0,0.00322061191626,0.00805152979066,0.00322061191626,0.00322061191626,0.00322061191626
0.0154269972452,0.00440771349862,0.00220385674931,0.00661157024793,0.00661157024793,0.00881542699725,0.00881542699725,0.00220385674931,0.00440771349862,0.00661157024793,0.00440771349862,0.00661157024793,0.00440771349862,0.0110192837466,0.0110192837466,0.00661157024793,0.00440771349862,0.00661157024793,0.00440771349862,0.00440771349862,0.00881542699725,0.00661157024793,0.0,0.00881542699725,0.0,0.00661157024793,0.00661157024793,0.00440771349862,0.00881542699725,0.00220385674931,0.00220385674931,0.00881542699725
0.015652173913,0.00521739130435,0.00347826086957,0.00347826086957,0.00869565217391,0.00521739130435,0.00695652173913,0.00521739130435,0.00347826086957,0.00173913043478,0.00695652173913,0.00347826086957,0.00695652173913,0.00347826086957,0.00347826086957,0.00521739130435,0.00347826086957,0.0139130434783,0.0121739130435,0.00869565217391,0.00695652173913,0.00521739130435,0.00869565217391,0.00695652173913,0.00173913043478,0.00173913043478,0.00173913043478,0.00173913043478,0.00347826086957,0.0,0.00521739130435,0.00347826086957
0.00703812316716,0.00469208211144,0.00469208211144,0.00703812316716,0.00703812316716,0.0117302052786,0.00469208211144,0.00938416422287,0.00469208211144,0.00469208211144,0.00469208211144,0.00469208211144,0.00234604105572,0.0117302052786,0.00703812316716,0.00938416422287,0.0140762463343,0.0117302052786,0.00469208211144,0.00703812316716,0.00938416422287,0.00703812316716,0.00938416422287,0.00469208211144,0.0117302052786,0.00234604105572,0.0,0.00234604105572,0.00469208211144,0.0,0.00703812316716,0.00469208211144
0.00952380952381,0.0,0.0,0.00952380952381,0.00952380952381,0.00952380952381,0.0,0.0,0.0190476190476,0.0,0.0,0.0285714285714,0.00952380952381,0.00952380952381,0.0380952380952,0.00952380952381,0.047619047619,0.0190476190476,0.0190476190476,0.00952380952381,0.00952380952381,0.0380952380952,0.00952380952381,0.0190476190476,0.0,0.0,0.00952380952381,0.0285714285714,0.0,0.00952380952381,0.047619047619,0.0380952380952
0.00907372400756,0.00907372400756,0.00907372400756,0.00604914933837,0.00302457466919,0.00302457466919,0.0151228733459,0.00604914933837,0.00907372400756,0.00907372400756,0.00604914933837,0.00604914933837,0.00604914933837,0.0120982986767,0.0,0.0120982986767,0.00907372400756,0.00302457466919,0.0181474480151,0.00907372400756,0.0151228733459,0.00604914933837,0.00604914933837,0.0181474480151,0.0120982986767,0.00604914933837,0.0181474480151,0.00302457466919,0.00302457466919,0.00604914933837,0.00604914933837,0.0181474480151
0.00448179271709,0.00448179271709,0.0134453781513,0.00896358543417,0.0,0.00896358543417,0.00896358543417,0.00896358543417,0.0179271708683,0.0134453781513,0.0134453781513,0.00896358543417,0.00896358543417,0.00448179271709,0.0224089635854,0.00896358543417,0.0,0.00896358543417,0.00896358543417,0.00896358543417,0.0,0.0134453781513,0.00896358543417,0.0,0.0179271708683,0.0,0.0134453781513,0.00448179271709,0.0224089635854,0.00448179271709,0.0268907563025,0.00896358543417
0.00960960960961,0.00640640640641,0.00640640640641,0.00640640640641,0.00640640640641,0.0112112112112,0.0016016016016,0.00640640640641,0.00640640640641,0.0016016016016,0.00640640640641,0.0016016016016,0.0032032032032,0.00640640640641,0.0048048048048,0.00640640640641,0.00960960960961,0.00800800800801,0.0032032032032,0.00640640640641,0.0016016016016,0.0032032032032,0.00640640640641,0.0032032032032,0.00800800800801,0.0048048048048,0.0032032032032,0.0048048048048,0.0048048048048,0.0048048048048,0.0048048048048,0.0048048048048
0.0181818181818,0.00454545454545,0.00454545454545,0.00909090909091,0.00454545454545,0.00454545454545,0.00454545454545,0.0181818181818,0.00454545454545,0.0227272727273,0.00454545454545,0.0181818181818,0.00454545454545,0.0272727272727,0.0,0.00454545454545,0.00454545454545,0.00454545454545,0.00909090909091,0.00454545454545,0.0136363636364,0.0136363636364,0.0,0.0,0.00454545454545,0.0136363636364,0.00454545454545,0.0136363636364,0.00454545454545,0.0181818181818,0.0136363636364,0.0136363636364
0.0121951219512,0.00348432055749,0.00696864111498,0.00348432055749,0.0104529616725,0.00348432055749,0.0104529616725,0.00522648083624,0.00522648083624,0.00522648083624,0.0,0.00871080139373,0.0,0.00696864111498,0.00871080139373,0.00348432055749,0.00696864111498,0.01393728223,0.00348432055749,0.00348432055749,0.00871080139373,0.00174216027875,0.00174216027875,0.0121951219512,0.00522648083624,0.00696864111498,0.00696864111498,0.00348432055749,0.00522648083624,0.00696864111498,0.00522648083624,0.00871080139373
0.0113636363636,0.0113636363636,0.00852272727273,0.0,0.00284090909091,0.00568181818182,0.0142045454545,0.00852272727273,0.0113636363636,0.00852272727273,0.00568181818182,0.00284090909091,0.0142045454545,0.00568181818182,0.00284090909091,0.00852272727273,0.0142045454545,0.00568181818182,0.00284090909091,0.00852272727273,0.00284090909091,0.00852272727273,0.00852272727273,0.00852272727273,0.00852272727273,0.0113636363636,0.00284090909091,0.00852272727273,0.0113636363636,0.00568181818182,0.0113636363636,0.00852272727273
0.00518268981601,0.00829230370562,0.00310961388961,0.010365379632,0.00518268981601,0.00518268981601,0.00310961388961,0.00518268981601,0.00207307592641,0.00518268981601,0.00207307592641,0.00621922777922,0.00207307592641,0.00518268981601,0.00310961388961,0.00518268981601,0.00310961388961,0.00310961388961,0.00414615185281,0.00518268981601,0.00310961388961,0.00621922777922,0.00518268981601,0.00310961388961,0.00207307592641,0.00414615185281,0.00518268981601,0.00207307592641,0.00621922777922,0.00414615185281,0.00310961388961,0.00414615185281
0.00943618778014,0.00566171266808,0.00754895022411,0.00377447511205,0.00754895022411,0.0113234253362,0.00377447511205,0.00566171266808,0.00754895022411,0.00377447511205,0.00188723755603,0.00943618778014,0.00188723755603,0.00377447511205,0.00943618778014,0.0,0.00943618778014,0.00566171266808,0.0132106628922,0.00377447511205,0.0,0.0113234253362,0.0,0.00566171266808,0.00754895022411,0.00754895022411,0.00943618778014,0.00566171266808,0.00566171266808,0.00566171266808,0.00943618778014,0.0113234253362
0.0093808630394,0.00750469043152,0.00750469043152,0.00562851782364,0.00562851782364,0.00562851782364,0.00562851782364,0.00375234521576,0.0093808630394,0.00375234521576,0.00187617260788,0.00750469043152,0.00562851782364,0.00187617260788,0.00562851782364,0.0112570356473,0.00562851782364,0.00750469043152,0.00562851782364,0.00750469043152,0.00187617260788,0.00562851782364,0.00375234521576,0.00750469043152,0.00750469043152,0.00562851782364,0.00562851782364,0.00187617260788,0.00750469043152,0.00750469043152,0.0093808630394,0.00750469043152
0.00194741966894,0.00778967867575,0.00973709834469,0.00778967867575,0.00584225900682,0.00973709834469,0.00778967867575,0.00389483933788,0.00389483933788,0.00973709834469,0.00194741966894,0.00389483933788,0.00584225900682,0.00778967867575,0.0,0.00584225900682,0.0116845180136,0.00973709834469,0.00584225900682,0.00194741966894,0.00584225900682,0.00973709834469,0.00389483933788,0.00973709834469,0.00389483933788,0.00389483933788,0.00389483933788,0.00778967867575,0.00778967867575,0.00778967867575,0.00973709834469,0.00584225900682
0.00839160839161,0.0027972027972,0.00559440559441,0.0027972027972,0.00839160839161,0.00559440559441,0.00839160839161,0.0027972027972,0.0111888111888,0.00839160839161,0.0,0.00839160839161,0.0111888111888,0.0027972027972,0.0027972027972,0.00839160839161,0.00559440559441,0.0111888111888,0.013986013986,0.00839160839161,0.00559440559441,0.0027972027972,0.0111888111888,0.0167832167832,0.0027972027972,0.00559440559441,0.00559440559441,0.0111888111888,0.00839160839161,0.0027972027972,0.0027972027972,0.0111888111888
0.00386847195358,0.00386847195358,0.00386847195358,0.00386847195358,0.0116054158607,0.00773694390716,0.00386847195358,0.0154738878143,0.0232108317215,0.00773694390716,0.00773694390716,0.0116054158607,0.0154738878143,0.00773694390716,0.0116054158607,0.0116054158607,0.0116054158607,0.0154738878143,0.0116054158607,0.0,0.0116054158607,0.00386847195358,0.0154738878143,0.0116054158607,0.0116054158607,0.0154738878143,0.00386847195358,0.0154738878143,0.0193423597679,0.00773694390716,0.0116054158607,0.0232108317215
0.00398406374502,0.00498007968127,0.00498007968127,0.00398406374502,0.00398406374502,0.00498007968127,0.000996015936255,0.00498007968127,0.00398406374502,0.000996015936255,0.00498007968127,0.00199203187251,0.00498007968127,0.00199203187251,0.00398406374502,0.00398406374502,0.00199203187251,0.00498007968127,0.00199203187251,0.00697211155378,0.000996015936255,0.00796812749004,0.00199203187251,0.00298804780876,0.00199203187251,0.00398406374502,0.00398406374502,0.00498007968127,0.00796812749004,0.00597609561753,0.00298804780876,0.00597609561753
0.00654218345373,0.00218072781791,0.00545181954477,0.00436145563582,0.00327109172686,0.00436145563582,0.00327109172686,0.00218072781791,0.00109036390895,0.00327109172686,0.00327109172686,0.00327109172686,0.00218072781791,0.00109036390895,0.00327109172686,0.00327109172686,0.00218072781791,0.00109036390895,0.00436145563582,0.00109036390895,0.00436145563582,0.0,0.00218072781791,0.00218072781791,0.00109036390895,0.00327109172686,0.00109036390895,0.00327109172686,0.0,0.00436145563582,0.00218072781791,0.0414338285403
0.00474074074074,0.00237037037037,0.00474074074074,0.00711111111111,0.00355555555556,0.00474074074074,0.00355555555556,0.00474074074074,0.00355555555556,0.00237037037037,0.00474074074074,0.00237037037037,0.00592592592593,0.00237037037037,0.00355555555556,0.00237037037037,0.00355555555556,0.00474074074074,0.00237037037037,0.00474074074074,0.00355555555556,0.00474074074074,0.00711111111111,0.00355555555556,0.00118518518519,0.00474074074074,0.00474074074074,0.00118518518519,0.00474074074074,0.00711111111111,0.00711111111111,0.0142222222222
0.00514800514801,0.002574002574,0.00514800514801,0.0,0.00772200772201,0.00772200772201,0.00772200772201,0.00514800514801,0.00772200772201,0.010296010296,0.0,0.00772200772201,0.00772200772201,0.002574002574,0.00514800514801,0.010296010296,0.015444015444,0.00514800514801,0.01287001287,0.002574002574,0.002574002574,0.00514800514801,0.010296010296,0.002574002574,0.015444015444,0.00772200772201,0.00772200772201,0.01287001287,0.00514800514801,0.00514800514801,0.00772200772201,0.00514800514801
0.00714285714286,0.00357142857143,0.00714285714286,0.00357142857143,0.00357142857143,0.00357142857143,0.0107142857143,0.00357142857143,0.00714285714286,0.0107142857143,0.0142857142857,0.0107142857143,0.00714285714286,0.00357142857143,0.0142857142857,0.00357142857143,0.0178571428571,0.0107142857143,0.0142857142857,0.0142857142857,0.0107142857143,0.00714285714286,0.0107142857143,0.00714285714286,0.0178571428571,0.0142857142857,0.0107142857143,0.0,0.00714285714286,0.00357142857143,0.00714285714286,0.0178571428571
0.00816326530612,0.0,0.0,0.00816326530612,0.00816326530612,0.00816326530612,0.00816326530612,0.0,0.00816326530612,0.0,0.0244897959184,0.00816326530612,0.00816326530612,0.0326530612245,0.0163265306122,0.00816326530612,0.0408163265306,0.0244897959184,0.0163265306122,0.0408163265306,0.0489795918367,0.0244897959184,0.0408163265306,0.00816326530612,0.00816326530612,0.0,0.0163265306122,0.00816326530612,0.00816326530612,0.00816326530612,0.0,0.0163265306122
0.00567375886525,0.0113475177305,0.00567375886525,0.00567375886525,0.0113475177305,0.0,0.0,0.00567375886525,0.0170212765957,0.0170212765957,0.00567375886525,0.022695035461,0.00567375886525,0.0113475177305,0.0170212765957,0.0170212765957,0.0170212765957,0.0170212765957,0.0283687943262,0.0170212765957,0.00567375886525,0.0170212765957,0.0113475177305,0.0170212765957,0.00567375886525,0.0,0.0,0.00567375886525,0.00567375886525,0.00567375886525,0.0170212765957,0.0113475177305
0.0061919504644,0.0,0.0061919504644,0.0123839009288,0.0,0.0123839009288,0.0061919504644,0.0061919504644,0.0185758513932,0.0185758513932,0.0123839009288,0.0185758513932,0.0061919504644,0.0247678018576,0.030959752322,0.0123839009288,0.0557275541796,0.0247678018576,0.0185758513932,0.0247678018576,0.0185758513932,0.0061919504644,0.0061919504644,0.0371517027864,0.0123839009288,0.0,0.0061919504644,0.0,0.0123839009288,0.0247678018576,0.0123839009288,0.0185758513932
0.0126582278481,0.0,0.00632911392405,0.00632911392405,0.00632911392405,0.00632911392405,0.0126582278481,0.00632911392405,0.0189873417722,0.00632911392405,0.0189873417722,0.0126582278481,0.0189873417722,0.00632911392405,0.0443037974684,0.0,0.0443037974684,0.0379746835443,0.00632911392405,0.0126582278481,0.00632911392405,0.0253164556962,0.0253164556962,0.00632911392405,0.00632911392405,0.00632911392405,0.0,0.00632911392405,0.00632911392405,0.0126582278481,0.0126582278481,0.00632911392405
0.00625,0.00625,0.00625,0.00625,0.00625,0.00625,0.0125,0.0125,0.0125,0.0125,0.0125,0.025,0.0125,0.01875,0.00625,0.01875,0.03125,0.01875,0.01875,0.00625,0.025,0.0125,0.0125,0.0125,0.03125,0.00625,0.0,0.0,0.0125,0.0125,0.00625,0.0125
