0.22156862745098038,0.5254901960784314,0.9411764705882353,1.0,1.0,1.0,1.0,1.0,1.0,1.0,1.0,1.0,1.0,1.0,1.0,1.0,1.0,1.0,1.0,1.0,1.0,1.0,1.0,1.0,0.611764705882353,1.0,1.0,1.0,0.5529411764705883,1.0,1.0,1.0,1.0,1.0,1.0,1.0,1.0,0.984313725490196,0.8529411764705882,0.7058823529411765,0.21568627450980393,0.19607843137254902,0.17647058823529413,0.1568627450980392,0.3941176470588235,0.8764705882352941,1.0,1.0,1.0,1.0,1.0,1.0,1.0,1.0,1.0,1.0,1.0,1.0,1.0,1.0,1.0,1.0,1.0,1.0,1.0,1.0,1.0,1.0,0.5588235294117647,1.0,1.0,1.0,0.5078431372549019,1.0,1.0,1.0,1.0,1.0,1.0,1.0,0.9549019607843138,0.807843137254902,0.6803921568627451,0.5588235294117647,0.11764705882352941,0.1,0.0803921568627451,0.06470588235294118,0.2607843137254902,0.6235294117647059,0.996078431372549,1.0,1.0,1.0,1.0,1.0,1.0,1.0,1.0,1.0,1.0,1.0,1.0,1.0,1.0,1.0,1.0,1.0,1.0,1.0,1.0,1.0,0.5843137254901961,1.0,1.0,1.0,0.5078431372549019,1.0,1.0,1.0,1.0,1.0,1.0,1.0,1.0,0.9901960784313726,0.8450980392156863,0.6862745098039216
0.2411764705882353,0.5294117647058824,0.9313725490196079,1.0,1.0,1.0,1.0,1.0,1.0,1.0,1.0,1.0,1.0,1.0,1.0,1.0,1.0,1.0,1.0,1.0,1.0,1.0,1.0,1.0,0.6372549019607843,1.0,1.0,1.0,0.5666666666666667,1.0,1.0,1.0,1.0,1.0,1.0,1.0,1.0,0.9901960784313726,0.8862745098039215,0.7450980392156863,0.24313725490196078,0.23333333333333334,0.21372549019607842,0.19019607843137254,0.13725490196078433,0.12156862745098039,0.11372549019607843,0.46862745098039216,0.9117647058823529,1.0,1.0,1.0,1.0,1.0,1.0,1.0,1.0,1.0,1.0,1.0,1.0,1.0,1.0,1.0,1.0,1.0,1.0,1.0,1.0,1.0,1.0,0.5823529411764706,1.0,1.0,1.0,0.5078431372549019,1.0,1.0,1.0,1.0,1.0,1.0,1.0,0.907843137254902,0.792156862745098,0.6725490196078432,0.5725490196078431,0.14313725490196078,0.12156862745098039,0.10784313725490197,0.08235294117647059,0.0196078431372549,0.023529411764705882,0.01764705882352941,0.35490196078431374,0.7666666666666667,1.0,1.0,1.0,1.0,1.0,1.0,1.0,1.0,1.0,1.0,1.0,1.0,1.0,1.0,1.0,1.0,1.0,1.0,1.0,1.0,1.0,1.0,0.596078431372549,1.0,1.0,1.0,0.5176470588235295,1.0,1.0,1.0,1.0,1.0
0.25620915032679736,0.6692810457516339,1.0,1.0,1.0,1.0,1.0,1.0,1.0,1.0,1.0,1.0,1.0,1.0,1.0,1.0,0.8248366013071895,1.0,0.7124183006535948,1.0,1.0,0.6980392156862745,1.0,1.0,1.0,1.0,0.8169934640522876,0.38562091503267976,0.3137254901960784,0.18169934640522875,0.12156862745098039,0.11764705882352941,0.42483660130718953,0.9333333333333333,1.0,1.0,1.0,1.0,1.0,1.0,1.0,1.0,1.0,1.0,1.0,1.0,1.0,1.0,0.7816993464052288,1.0,0.6784313725490196,1.0,1.0,0.6679738562091503,1.0,1.0,1.0,1.0,0.7751633986928105,0.2758169934640523,0.21045751633986928,0.07450980392156863,0.01699346405228758,0.009150326797385621,0.2823529411764706,0.7633986928104575,1.0,1.0,1.0,1.0,1.0,1.0,1.0,1.0,1.0,1.0,1.0,1.0,1.0,1.0,0.8091503267973856,1.0,0.6836601307189543,1.0,1.0,0.6705882352941176,1.0,1.0,1.0,1.0,0.8013071895424837,0.3137254901960784,0.24052287581699347,0.08888888888888889,0.018300653594771243,0.013071895424836602,0.4928104575163399,0.930718954248366,1.0,1.0,1.0,1.0,1.0,1.0,1.0,1.0,1.0,1.0,1.0,1.0,1.0,1.0,0.7934640522875817,1.0,0.7071895424836602,1.0,1.0,0.6980392156862745,1.0,1.0,1.0,1.0,0.7764705882352941,0.31241830065359477,0.2627450980392157,0.14901960784313725,0.09673202614379085,0.08758169934640522
0.22156862745098038,0.49411764705882355,0.8960784313725491,1.0,1.0,1.0,1.0,1.0,1.0,1.0,1.0,1.0,1.0,1.0,1.0,1.0,1.0,1.0,1.0,1.0,0.7901960784313725,1.0,1.0,1.0,0.5784313725490197,1.0,1.0,1.0,0.5509803921568628,1.0,1.0,1.0,1.0,1.0,1.0,1.0,0.5117647058823529,0.4372549019607843,0.3764705882352941,0.3176470588235294,0.15294117647058825,0.1392156862745098,0.13137254901960785,0.12745098039215685,0.44313725490196076,0.9019607843137255,1.0,1.0,1.0,1.0,1.0,1.0,1.0,1.0,1.0,1.0,1.0,1.0,1.0,1.0,1.0,1.0,1.0,1.0,0.7156862745098039,1.0,1.0,1.0,0.5294117647058824,1.0,1.0,1.0,0.5,1.0,1.0,1.0,1.0,1.0,1.0,1.0,0.38235294117647056,0.3333333333333333,0.2784313725490196,0.2235294117647059,0.050980392156862744,0.041176470588235294,0.025490196078431372,0.01764705882352941,0.3352941176470588,0.7392156862745098,1.0,1.0,1.0,1.0,1.0,1.0,1.0,1.0,1.0,1.0,1.0,1.0,1.0,1.0,1.0,1.0,1.0,1.0,0.7470588235294118,1.0,1.0,1.0,0.5294117647058824,1.0,1.0,1.0,0.5058823529411764,1.0,1.0,1.0,1.0,1.0,1.0,1.0,0.4372549019607843,0.3568627450980392,0.2901960784313726,0.24509803921568626
0.27450980392156865,0.707843137254902,1.0,1.0,1.0,1.0,1.0,1.0,1.0,1.0,1.0,1.0,1.0,1.0,1.0,1.0,1.0,1.0,1.0,1.0,1.0,1.0,1.0,1.0,0.7098039215686275,1.0,1.0,1.0,0.5705882352941176,1.0,1.0,1.0,1.0,1.0,1.0,1.0,1.0,1.0,1.0,1.0,0.3784313725490196,0.3254901960784314,0.2784313725490196,0.25098039215686274,0.13137254901960785,0.12352941176470589,0.12156862745098039,0.2627450980392157,0.8666666666666667,1.0,1.0,1.0,1.0,1.0,1.0,1.0,1.0,1.0,1.0,1.0,1.0,1.0,1.0,1.0,1.0,1.0,1.0,1.0,1.0,1.0,1.0,0.6705882352941176,1.0,1.0,1.0,0.5196078431372549,1.0,1.0,1.0,1.0,1.0,1.0,1.0,1.0,1.0,1.0,1.0,0.6568627450980392,0.27647058823529413,0.22549019607843138,0.19411764705882353,0.09215686274509804,0.03137254901960784,0.021568627450980392,0.0196078431372549,0.39019607843137255,0.9176470588235294,1.0,1.0,1.0,1.0,1.0,1.0,1.0,1.0,1.0,1.0,1.0,1.0,1.0,1.0,1.0,1.0,1.0,1.0,1.0,1.0,1.0,1.0,0.6862745098039216,1.0,1.0,1.0,0.5274509803921569,1.0,1.0,1.0,1.0
0.3803921568627451,0.9568627450980393,1.0,1.0,1.0,1.0,1.0,1.0,1.0,1.0,1.0,1.0,1.0,1.0,1.0,1.0,0.8052287581699347,1.0,0.7163398692810458,1.0,1.0,0.7032679738562092,1.0,1.0,1.0,1.0,0.796078431372549,0.33986928104575165,0.29150326797385623,0.1843137254901961,0.13594771241830064,0.12679738562091503,0.7176470588235294,1.0,1.0,1.0,1.0,1.0,1.0,1.0,1.0,1.0,1.0,1.0,1.0,1.0,1.0,1.0,0.7725490196078432,1.0,0.6875816993464052,1.0,1.0,0.6718954248366014,1.0,1.0,1.0,0.9555555555555556,0.6483660130718955,0.2549019607843137,0.20915032679738563,0.09411764705882353,0.040522875816993466,0.027450980392156862,0.5137254901960784,1.0,1.0,1.0,1.0,1.0,1.0,1.0,1.0,1.0,1.0,1.0,1.0,1.0,1.0,1.0,0.7843137254901961,1.0,0.6862745098039216,1.0,1.0,0.6745098039215687,1.0,1.0,1.0,1.0,0.7699346405228759,0.28888888888888886,0.2196078431372549,0.10065359477124183,0.0457516339869281,0.02875816993464052,0.7542483660130719,1.0,1.0,1.0,1.0,1.0,1.0,1.0,1.0,1.0,1.0,1.0,1.0,1.0,1.0,1.0,0.7803921568627451,1.0,0.7058823529411765,1.0,1.0,0.7019607843137254,1.0,1.0,1.0,0.9294117647058824,0.6431372549019608,0.2980392156862745,0.24705882352941178,0.15555555555555556,0.12287581699346405,0.10588235294117647
0.2627450980392157,0.8411764705882353,1.0,1.0,1.0,1.0,1.0,1.0,1.0,1.0,1.0,1.0,1.0,1.0,1.0,1.0,1.0,1.0,1.0,1.0,1.0,1.0,1.0,1.0,0.611764705882353,1.0,1.0,1.0,0.5568627450980392,1.0,1.0,1.0,1.0,1.0,1.0,1.0,0.9745098039215686,0.8411764705882353,0.7019607843137254,0.6019607843137255,0.20588235294117646,0.1803921568627451,0.16862745098039217,0.1607843137254902,0.596078431372549,1.0,1.0,1.0,1.0,1.0,1.0,1.0,1.0,1.0,1.0,1.0,1.0,1.0,1.0,1.0,1.0,1.0,1.0,1.0,0.9607843137254902,1.0,1.0,1.0,0.5627450980392157,1.0,1.0,1.0,0.5117647058823529,1.0,1.0,1.0,1.0,1.0,1.0,1.0,0.8176470588235294,0.696078431372549,0.5862745098039216,0.4980392156862745,0.11568627450980393,0.1,0.0784313725490196,0.060784313725490195,0.3392156862745098,0.9647058823529412,1.0,1.0,1.0,1.0,1.0,1.0,1.0,1.0,1.0,1.0,1.0,1.0,1.0,1.0,1.0,1.0,1.0,1.0,1.0,1.0,1.0,1.0,0.5705882352941176,1.0,1.0,1.0,0.515686274509804,1.0,1.0,1.0,1.0,1.0,1.0,1.0,0.9294117647058824,0.7901960784313725,0.6588235294117647,0.5490196078431373
0.2568627450980392,0.6509803921568628,1.0,1.0,1.0,1.0,1.0,1.0,1.0,1.0,1.0,1.0,1.0,1.0,1.0,1.0,1.0,1.0,1.0,1.0,1.0,1.0,1.0,1.0,0.6019607843137255,1.0,1.0,1.0,0.5549019607843138,1.0,1.0,1.0,1.0,1.0,1.0,1.0,0.9058823529411765,0.7647058823529411,0.6470588235294118,0.5529411764705883,0.19607843137254902,0.17450980392156862,0.16862745098039217,0.14901960784313725,0.5313725490196078,1.0,1.0,1.0,1.0,1.0,1.0,1.0,1.0,1.0,1.0,1.0,1.0,1.0,1.0,1.0,1.0,1.0,1.0,1.0,0.9098039215686274,1.0,1.0,1.0,0.5529411764705883,1.0,1.0,1.0,0.5,1.0,1.0,1.0,1.0,1.0,1.0,1.0,0.7294117647058823,0.6176470588235294,0.5313725490196078,0.44901960784313727,0.10588235294117647,0.08627450980392157,0.06862745098039216,0.052941176470588235,0.19411764705882353,0.6196078431372549,1.0,1.0,1.0,1.0,1.0,1.0,1.0,1.0,1.0,1.0,1.0,1.0,1.0,1.0,1.0,1.0,1.0,1.0,0.9745098039215686,1.0,1.0,1.0,0.5627450980392157,1.0,1.0,1.0,0.5058823529411764,1.0,1.0,1.0,1.0,1.0,1.0,1.0,0.8333333333333334,0.7,0.5843137254901961,0.49019607843137253
0.3006535947712418,0.9071895424836601,1.0,1.0,1.0,1.0,1.0,1.0,1.0,1.0,1.0,1.0,1.0,1.0,1.0,1.0,0.8679738562091504,1.0,0.7176470588235294,1.0,1.0,0.7032679738562092,1.0,1.0,1.0,1.0,0.8496732026143791,0.47581699346405226,0.37516339869281046,0.20784313725490197,0.13856209150326798,0.12941176470588237,0.6588235294117647,1.0,1.0,1.0,1.0,1.0,1.0,1.0,1.0,1.0,1.0,1.0,1.0,1.0,1.0,1.0,0.8326797385620915,1.0,0.6862745098039216,1.0,1.0,0.6718954248366014,1.0,1.0,1.0,1.0,0.8209150326797385,0.39215686274509803,0.3084967320261438,0.12549019607843137,0.0392156862745098,0.02483660130718954,0.43790849673202614,1.0,1.0,1.0,1.0,1.0,1.0,1.0,1.0,1.0,1.0,1.0,1.0,1.0,1.0,1.0,0.85359477124183,1.0,0.6901960784313725,1.0,1.0,0.6758169934640523,1.0,1.0,1.0,1.0,0.8313725490196079,0.4326797385620915,0.3241830065359477,0.12941176470588237,0.04183006535947712,0.02875816993464052,0.6928104575163399,1.0,1.0,1.0,1.0,1.0,1.0,1.0,1.0,1.0,1.0,1.0,1.0,1.0,1.0,1.0,0.8326797385620915,1.0,0.7163398692810458,1.0,1.0,0.7032679738562092,1.0,1.0,1.0,1.0,0.8222222222222222,0.41830065359477125,0.34248366013071896,0.19215686274509805,0.11764705882352941,0.1084967320261438
0.4300653594771242,1.0,1.0,1.0,1.0,1.0,1.0,1.0,1.0,1.0,1.0,1.0,1.0,1.0,1.0,1.0,0.8810457516339869,1.0,0.7281045751633987,1.0,1.0,0.7045751633986929,1.0,1.0,1.0,1.0,0.8666666666666667,0.515032679738562,0.42091503267973857,0.23137254901960785,0.1503267973856209,0.14248366013071895,0.807843137254902,1.0,1.0,1.0,1.0,1.0,1.0,1.0,1.0,1.0,1.0,1.0,1.0,1.0,1.0,1.0,0.8418300653594771,1.0,0.6954248366013072,1.0,1.0,0.6718954248366014,1.0,1.0,1.0,1.0,0.8287581699346406,0.4196078431372549,0.338562091503268,0.13986928104575164,0.044444444444444446,0.03529411764705882,0.4562091503267974,1.0,1.0,1.0,1.0,1.0,1.0,1.0,1.0,1.0,1.0,1.0,1.0,1.0,1.0,1.0,0.8718954248366013,1.0,0.6915032679738562,1.0,1.0,0.677124183006536,1.0,1.0,1.0,1.0,0.8522875816993464,0.47320261437908495,0.36470588235294116,0.14248366013071895,0.058823529411764705,0.040522875816993466,0.8705882352941177,1.0,1.0,1.0,1.0,1.0,1.0,1.0,1.0,1.0,1.0,1.0,1.0,1.0,1.0,1.0,0.8405228758169935,1.0,0.7150326797385621,1.0,1.0,0.6980392156862745,1.0,1.0,1.0,1.0,0.8313725490196079,0.43790849673202614,0.35947712418300654,0.20130718954248367,0.13986928104575164,0.11764705882352941
0.3281045751633987,0.930718954248366,1.0,1.0,1.0,1.0,1.0,1.0,1.0,1.0,1.0,1.0,1.0,1.0,1.0,1.0,0.9699346405228758,1.0,0.738562091503268,1.0,1.0,0.7045751633986929,1.0,1.0,1.0,1.0,0.9503267973856209,0.7450980392156863,0.6078431372549019,0.30718954248366015,0.1843137254901961,0.15555555555555556,0.6967320261437908,1.0,1.0,1.0,1.0,1.0,1.0,1.0,1.0,1.0,1.0,1.0,1.0,1.0,1.0,1.0,0.918954248366013,1.0,0.7098039215686275,1.0,1.0,0.6705882352941176,1.0,1.0,1.0,1.0,0.9032679738562092,0.6222222222222222,0.5045751633986928,0.2169934640522876,0.08366013071895424,0.06143790849673202,0.5555555555555556,1.0,1.0,1.0,1.0,1.0,1.0,1.0,1.0,1.0,1.0,1.0,1.0,1.0,1.0,1.0,0.9673202614379085,1.0,0.7137254901960784,1.0,1.0,0.6745098039215687,1.0,1.0,1.0,1.0,0.9437908496732026,0.7176470588235294,0.5581699346405229,0.23921568627450981,0.08888888888888889,0.0718954248366013,0.7137254901960784,1.0,1.0,1.0,1.0,1.0,1.0,1.0,1.0,1.0,1.0,1.0,1.0,1.0,1.0,1.0,0.9045751633986928,1.0,0.7294117647058823,1.0,1.0,0.6993464052287581,1.0,1.0,1.0,1.0,0.8915032679738563,0.6052287581699346,0.4993464052287582,0.27058823529411763,0.15555555555555556,0.13986928104575164
0.2,0.43333333333333335,0.8274509803921568,1.0,1.0,1.0,1.0,1.0,1.0,1.0,1.0,1.0,1.0,1.0,1.0,1.0,1.0,1.0,1.0,1.0,1.0,1.0,1.0,1.0,0.6411764705882353,1.0,1.0,1.0,0.5568627450980392,1.0,1.0,1.0,1.0,1.0,1.0,1.0,1.0,1.0,0.9686274509803922,0.8352941176470589,0.24705882352941178,0.22941176470588234,0.20392156862745098,0.1803921568627451,0.37254901960784315,0.8235294117647058,1.0,1.0,1.0,1.0,1.0,1.0,1.0,1.0,1.0,1.0,1.0,1.0,1.0,1.0,1.0,1.0,1.0,1.0,1.0,1.0,1.0,1.0,0.6019607843137255,1.0,1.0,1.0,0.5058823529411764,1.0,1.0,1.0,1.0,1.0,1.0,1.0,1.0,0.907843137254902,0.7764705882352941,0.6588235294117647,0.16470588235294117,0.15098039215686274,0.12745098039215685,0.09411764705882353,0.21372549019607842,0.5176470588235295,0.9196078431372549,1.0,1.0,1.0,1.0,1.0,1.0,1.0,1.0,1.0,1.0,1.0,1.0,1.0,1.0,1.0,1.0,1.0,1.0,1.0,1.0,1.0,0.6039215686274509,1.0,1.0,1.0,0.5117647058823529,1.0,1.0,1.0,1.0,1.0,1.0,1.0,1.0,1.0,0.9509803921568627,0.7980392156862746
0.307843137254902,0.8862745098039215,1.0,1.0,1.0,1.0,1.0,1.0,1.0,1.0,1.0,1.0,1.0,1.0,1.0,1.0,1.0,1.0,1.0,1.0,0.8333333333333334,1.0,1.0,1.0,0.5745098039215686,1.0,1.0,1.0,1.0,1.0,1.0,1.0,1.0,1.0,1.0,1.0,0.6313725490196078,0.5098039215686274,0.42745098039215684,0.3588235294117647,0.13333333333333333,0.13529411764705881,0.11960784313725491,0.30196078431372547,0.9627450980392157,1.0,1.0,1.0,1.0,1.0,1.0,1.0,1.0,1.0,1.0,1.0,1.0,1.0,1.0,1.0,1.0,1.0,1.0,0.7627450980392156,1.0,1.0,1.0,0.5333333333333333,1.0,1.0,1.0,1.0,1.0,1.0,1.0,1.0,1.0,1.0,1.0,0.7627450980392156,0.4627450980392157,0.38235294117647056,0.3254901960784314,0.15490196078431373,0.0392156862745098,0.01764705882352941,0.021568627450980392,0.39019607843137255,0.9921568627450981,1.0,1.0,1.0,1.0,1.0,1.0,1.0,1.0,1.0,1.0,1.0,1.0,1.0,1.0,1.0,1.0,1.0,1.0,0.8411764705882353,1.0,1.0,1.0,0.5274509803921569,1.0,1.0,1.0,1.0,1.0,1.0,1.0,1.0,1.0,1.0,1.0,0.5823529411764706,0.4725490196078431,0.37450980392156863,0.30980392156862746,0.047058823529411764
0.20784313725490197,0.47843137254901963,0.8862745098039215,1.0,1.0,1.0,1.0,1.0,1.0,1.0,1.0,1.0,1.0,1.0,1.0,1.0,1.0,1.0,1.0,1.0,0.7490196078431373,1.0,1.0,1.0,0.5784313725490197,1.0,1.0,1.0,0.5529411764705883,1.0,1.0,1.0,1.0,1.0,1.0,1.0,0.4764705882352941,0.41568627450980394,0.36470588235294116,0.3235294117647059,0.1568627450980392,0.12941176470588237,0.12941176470588237,0.12941176470588237,0.42549019607843136,0.8941176470588236,1.0,1.0,1.0,1.0,1.0,1.0,1.0,1.0,1.0,1.0,1.0,1.0,1.0,1.0,1.0,1.0,1.0,1.0,0.7,1.0,1.0,1.0,0.5254901960784314,1.0,1.0,1.0,0.5058823529411764,1.0,1.0,1.0,1.0,1.0,1.0,1.0,0.38823529411764707,0.33137254901960783,0.28627450980392155,0.2411764705882353,0.050980392156862744,0.03725490196078431,0.027450980392156862,0.021568627450980392,0.30980392156862746,0.7215686274509804,1.0,1.0,1.0,1.0,1.0,1.0,1.0,1.0,1.0,1.0,1.0,1.0,1.0,1.0,1.0,1.0,1.0,1.0,0.7372549019607844,1.0,1.0,1.0,0.5274509803921569,1.0,1.0,1.0,0.503921568627451,1.0,1.0,1.0,1.0,1.0,1.0,1.0,0.4137254901960784,0.34705882352941175,0.2901960784313726,0.24313725490196078
0.2529411764705882,0.7941176470588235,1.0,1.0,1.0,1.0,1.0,1.0,1.0,1.0,1.0,1.0,1.0,1.0,1.0,1.0,1.0,1.0,1.0,1.0,0.9529411764705882,1.0,1.0,1.0,0.6019607843137255,1.0,1.0,1.0,0.5568627450980392,1.0,1.0,1.0,1.0,1.0,1.0,1.0,0.8058823529411765,0.6843137254901961,0.596078431372549,0.503921568627451,0.18627450980392157,0.17647058823529413,0.16470588235294117,0.15098039215686274,0.5509803921568628,1.0,1.0,1.0,1.0,1.0,1.0,1.0,1.0,1.0,1.0,1.0,1.0,1.0,1.0,1.0,1.0,1.0,1.0,1.0,0.8509803921568627,1.0,1.0,1.0,0.5568627450980392,1.0,1.0,1.0,0.5058823529411764,1.0,1.0,1.0,1.0,1.0,1.0,1.0,0.6352941176470588,0.5450980392156862,0.4764705882352941,0.39019607843137255,0.09019607843137255,0.07254901960784314,0.060784313725490195,0.049019607843137254,0.3333333333333333,0.9235294117647059,1.0,1.0,1.0,1.0,1.0,1.0,1.0,1.0,1.0,1.0,1.0,1.0,1.0,1.0,1.0,1.0,1.0,1.0,0.9333333333333333,1.0,1.0,1.0,0.5549019607843138,1.0,1.0,1.0,0.5098039215686274,1.0,1.0,1.0,1.0,1.0,1.0,1.0,0.7588235294117647,0.6470588235294118,0.5352941176470588,0.45098039215686275
0.25620915032679736,0.6849673202614379,1.0,1.0,1.0,1.0,1.0,1.0,1.0,1.0,1.0,1.0,1.0,1.0,1.0,1.0,0.9686274509803922,1.0,0.734640522875817,1.0,1.0,0.7045751633986929,1.0,1.0,1.0,1.0,0.9503267973856209,0.7163398692810458,0.5673202614379085,0.2849673202614379,0.16470588235294117,0.1542483660130719,0.4849673202614379,0.9738562091503268,1.0,1.0,1.0,1.0,1.0,1.0,1.0,1.0,1.0,1.0,1.0,1.0,1.0,1.0,0.9150326797385621,1.0,0.7045751633986929,1.0,1.0,0.6718954248366014,1.0,1.0,1.0,1.0,0.8980392156862745,0.5947712418300654,0.47320261437908495,0.20130718954248367,0.07320261437908497,0.04967320261437908,0.2797385620915033,0.7830065359477124,1.0,1.0,1.0,1.0,1.0,1.0,1.0,1.0,1.0,1.0,1.0,1.0,1.0,1.0,0.9529411764705882,1.0,0.7019607843137254,1.0,1.0,0.6718954248366014,1.0,1.0,1.0,1.0,0.930718954248366,0.6692810457516339,0.5137254901960784,0.20392156862745098,0.07058823529411765,0.05620915032679739,0.5437908496732026,0.9764705882352941,1.0,1.0,1.0,1.0,1.0,1.0,1.0,1.0,1.0,1.0,1.0,1.0,1.0,1.0,0.9111111111111111,1.0,0.7320261437908496,1.0,1.0,0.7006535947712418,1.0,1.0,1.0,1.0,0.8967320261437909,0.6026143790849673,0.5019607843137255,0.26666666666666666,0.15294117647058825,0.13333333333333333
0.37450980392156863,0.7941176470588235,1.0,1.0,1.0,1.0,1.0,1.0,1.0,1.0,1.0,1.0,1.0,1.0,1.0,1.0,1.0,1.0,1.0,1.0,1.0,1.0,1.0,1.0,0.6882352941176471,1.0,1.0,1.0,0.5627450980392157,1.0,1.0,1.0,1.0,1.0,1.0,1.0,1.0,1.0,1.0,1.0,0.3686274509803922,0.32941176470588235,0.28823529411764703,0.2627450980392157,0.11568627450980393,0.37254901960784315,0.7745098039215687,1.0,1.0,1.0,1.0,1.0,1.0,1.0,1.0,1.0,1.0,1.0,1.0,1.0,1.0,1.0,1.0,1.0,1.0,1.0,1.0,1.0,1.0,0.6490196078431373,1.0,1.0,1.0,0.5098039215686274,1.0,1.0,1.0,1.0,1.0,1.0,1.0,1.0,1.0,0.9784313725490196,0.8666666666666667,0.2803921568627451,0.22941176470588234,0.1980392156862745,0.1627450980392157,0.013725490196078431,0.6509803921568628,1.0,1.0,1.0,1.0,1.0,1.0,1.0,1.0,1.0,1.0,1.0,1.0,1.0,1.0,1.0,1.0,1.0,1.0,1.0,1.0,1.0,1.0,1.0,0.6647058823529411,1.0,1.0,1.0,0.515686274509804,1.0,1.0,1.0,1.0,1.0,1.0,1.0,1.0,1.0
0.29215686274509806,0.5,0.8156862745098039,1.0,1.0,1.0,1.0,1.0,1.0,1.0,1.0,1.0,1.0,1.0,1.0,1.0,1.0,1.0,1.0,1.0,1.0,1.0,1.0,1.0,0.6196078431372549,1.0,1.0,1.0,0.5509803921568628,1.0,1.0,1.0,1.0,1.0,1.0,1.0,1.0,0.9901960784313726,0.8686274509803922,0.7274509803921568,0.2235294117647059,0.2,0.17647058823529413,0.16666666666666666,0.29215686274509806,0.5137254901960784,0.788235294117647,0.9941176470588236,1.0,1.0,1.0,1.0,1.0,1.0,1.0,1.0,1.0,1.0,1.0,1.0,1.0,1.0,1.0,1.0,1.0,1.0,1.0,1.0,0.5882352941176471,1.0,1.0,1.0,0.5,1.0,1.0,1.0,1.0,1.0,1.0,1.0,0.984313725490196,0.8725490196078431,0.7568627450980392,0.6509803921568628,0.1450980392156863,0.11960784313725491,0.09215686274509804,0.07647058823529412,0.47058823529411764,0.8352941176470589,1.0,1.0,1.0,1.0,1.0,1.0,1.0,1.0,1.0,1.0,1.0,1.0,1.0,1.0,1.0,1.0,1.0,1.0,1.0,1.0,1.0,1.0,0.5803921568627451,1.0,1.0,1.0,0.5,1.0,1.0,1.0,1.0,1.0,1.0,1.0,1.0,0.9862745098039216,0.8686274509803922,0.7254901960784313
0.4,0.8901960784313725,1.0,1.0,1.0,1.0,1.0,1.0,1.0,1.0,1.0,1.0,1.0,1.0,1.0,1.0,0.8771241830065359,1.0,0.7215686274509804,1.0,1.0,0.7045751633986929,1.0,1.0,1.0,1.0,0.8640522875816994,0.5084967320261438,0.4091503267973856,0.21568627450980393,0.13986928104575164,0.12549019607843137,0.4130718954248366,0.8967320261437909,1.0,1.0,1.0,1.0,1.0,1.0,1.0,1.0,1.0,1.0,1.0,1.0,1.0,1.0,0.8496732026143791,1.0,0.6888888888888889,1.0,1.0,0.6692810457516339,1.0,1.0,1.0,1.0,0.8392156862745098,0.43790849673202614,0.3464052287581699,0.134640522875817,0.043137254901960784,0.02483660130718954,0.6758169934640523,1.0,1.0,1.0,1.0,1.0,1.0,1.0,1.0,1.0,1.0,1.0,1.0,1.0,1.0,1.0,0.8705882352941177,1.0,0.6888888888888889,1.0,1.0,0.6692810457516339,1.0,1.0,1.0,1.0,0.857516339869281,0.4745098039215686,0.3660130718954248,0.13856209150326798,0.04183006535947712,0.02875816993464052,0.09673202614379085,0.2679738562091503,0.7398692810457517,1.0,1.0,1.0,1.0,1.0,1.0,1.0,1.0,1.0,1.0,1.0,1.0,1.0,0.8405228758169935,1.0,0.7150326797385621,1.0,1.0,0.6980392156862745,1.0,1.0,1.0,1.0,0.8352941176470589,0.44052287581699345,0.3673202614379085,0.20784313725490197,0.13071895424836602,0.10980392156862745
0.24705882352941178,0.4372549019607843,0.7784313725490196,1.0,1.0,1.0,1.0,1.0,1.0,1.0,1.0,1.0,1.0,1.0,1.0,1.0,1.0,1.0,1.0,1.0,1.0,1.0,1.0,1.0,0.6529411764705882,1.0,1.0,1.0,0.5607843137254902,1.0,1.0,1.0,1.0,1.0,1.0,1.0,1.0,1.0,1.0,0.9647058823529412,0.29411764705882354,0.2529411764705882,0.23137254901960785,0.20980392156862746,0.11960784313725491,0.17058823529411765,0.3862745098039216,0.6823529411764706,0.9921568627450981,1.0,1.0,1.0,1.0,1.0,1.0,1.0,1.0,1.0,1.0,1.0,1.0,1.0,1.0,1.0,1.0,1.0,1.0,1.0,1.0,0.6352941176470588,1.0,1.0,1.0,0.5176470588235295,1.0,1.0,1.0,1.0,1.0,1.0,1.0,1.0,1.0,1.0,0.9529411764705882,0.5529411764705883,0.2411764705882353,0.2,0.16666666666666666,0.09019607843137255,0.0196078431372549,0.403921568627451,0.7509803921568627,1.0,1.0,1.0,1.0,1.0,1.0,1.0,1.0,1.0,1.0,1.0,1.0,1.0,1.0,1.0,1.0,1.0,1.0,1.0,1.0,1.0,1.0,0.6372549019607843,1.0,1.0,1.0,0.5176470588235295,1.0,1.0,1.0,1.0,1.0,1.0,1.0,1.0
0.3764705882352941,0.8254901960784313,1.0,1.0,1.0,1.0,1.0,1.0,1.0,1.0,1.0,1.0,1.0,1.0,1.0,1.0,1.0,1.0,1.0,1.0,1.0,1.0,1.0,1.0,0.7803921568627451,1.0,1.0,1.0,0.5607843137254902,1.0,1.0,1.0,1.0,1.0,1.0,1.0,1.0,1.0,1.0,1.0,0.4764705882352941,0.4,0.32745098039215687,0.2627450980392157,0.12156862745098039,0.19215686274509805,0.5607843137254902,0.9705882352941176,1.0,1.0,1.0,1.0,1.0,1.0,1.0,1.0,1.0,1.0,1.0,1.0,1.0,1.0,1.0,1.0,1.0,1.0,1.0,1.0,1.0,0.7470588235294118,1.0,1.0,1.0,0.5196078431372549,1.0,1.0,1.0,1.0,1.0,1.0,1.0,1.0,1.0,1.0,1.0,0.7352941176470589,0.3784313725490196,0.3156862745098039,0.2549019607843137,0.11960784313725491,0.00980392156862745,0.6431372549019608,1.0,1.0,1.0,1.0,1.0,1.0,1.0,1.0,1.0,1.0,1.0,1.0,1.0,1.0,1.0,1.0,1.0,1.0,1.0,1.0,1.0,1.0,1.0,0.7666666666666667,1.0,1.0,1.0,0.5137254901960784,1.0,1.0,1.0,1.0,1.0,1.0,1.0,1.0
0.33137254901960783,0.6941176470588235,1.0,1.0,1.0,1.0,1.0,1.0,1.0,1.0,1.0,1.0,1.0,1.0,1.0,1.0,1.0,1.0,1.0,1.0,1.0,1.0,1.0,1.0,0.6627450980392157,1.0,1.0,1.0,0.5588235294117647,1.0,1.0,1.0,1.0,1.0,1.0,1.0,1.0,1.0,1.0,0.9745098039215686,0.2980392156862745,0.2549019607843137,0.22156862745098038,0.20588235294117646,0.12156862745098039,0.11764705882352941,0.19411764705882353,0.5392156862745098,0.9294117647058824,1.0,1.0,1.0,1.0,1.0,1.0,1.0,1.0,1.0,1.0,1.0,1.0,1.0,1.0,1.0,1.0,1.0,1.0,1.0,1.0,1.0,0.6392156862745098,1.0,1.0,1.0,0.5137254901960784,1.0,1.0,1.0,1.0,1.0,1.0,1.0,1.0,1.0,1.0,0.9588235294117647,0.5529411764705883,0.22156862745098038,0.18823529411764706,0.1568627450980392,0.07450980392156863,0.01568627450980392,0.00784313725490196,0.5725490196078431,1.0,1.0,1.0,1.0,1.0,1.0,1.0,1.0,1.0,1.0,1.0,1.0,1.0,1.0,1.0,1.0,1.0,1.0,1.0,1.0,1.0,1.0,1.0,0.6294117647058823,1.0,1.0,1.0,0.5137254901960784,1.0,1.0,1.0,1.0,1.0,1.0
0.23660130718954248,0.6901960784313725,1.0,1.0,1.0,1.0,1.0,1.0,1.0,1.0,1.0,1.0,1.0,1.0,1.0,1.0,1.0,1.0,0.8274509803921568,1.0,1.0,0.7111111111111111,1.0,1.0,1.0,1.0,1.0,1.0,1.0,0.6196078431372549,0.3581699346405229,0.2875816993464052,0.11764705882352941,0.4888888888888889,0.9986928104575163,1.0,1.0,1.0,1.0,1.0,1.0,1.0,1.0,1.0,1.0,1.0,1.0,1.0,1.0,1.0,1.0,0.803921568627451,1.0,1.0,0.6758169934640523,1.0,1.0,1.0,1.0,1.0,1.0,1.0,0.5620915032679739,0.29150326797385623,0.2222222222222222,0.023529411764705882,0.3660130718954248,0.9098039215686274,1.0,1.0,1.0,1.0,1.0,1.0,1.0,1.0,1.0,1.0,1.0,1.0,1.0,1.0,1.0,1.0,0.8235294117647058,1.0,1.0,0.681045751633987,1.0,1.0,1.0,1.0,1.0,1.0,1.0,0.6065359477124183,0.330718954248366,0.23921568627450981,0.030065359477124184,0.5084967320261438,0.9686274509803922,1.0,1.0,1.0,1.0,1.0,1.0,1.0,1.0,1.0,1.0,1.0,1.0,1.0,1.0,1.0,1.0,0.792156862745098,1.0,1.0,0.7045751633986929,1.0,1.0,1.0,1.0,1.0,1.0,0.9738562091503268
0.25620915032679736,0.7333333333333333,1.0,1.0,1.0,1.0,1.0,1.0,1.0,1.0,1.0,1.0,1.0,1.0,1.0,1.0,0.9294117647058824,1.0,0.7359477124183007,1.0,1.0,0.7045751633986929,1.0,1.0,1.0,1.0,0.9111111111111111,0.6444444444444445,0.5281045751633987,0.2797385620915033,0.17777777777777778,0.16339869281045752,0.5058823529411764,1.0,1.0,1.0,1.0,1.0,1.0,1.0,1.0,1.0,1.0,1.0,1.0,1.0,1.0,1.0,0.8980392156862745,1.0,0.7163398692810458,1.0,1.0,0.6718954248366014,1.0,1.0,1.0,1.0,0.8823529411764706,0.5620915032679739,0.465359477124183,0.2196078431372549,0.10457516339869281,0.08104575163398693,0.3790849673202614,0.9320261437908497,1.0,1.0,1.0,1.0,1.0,1.0,1.0,1.0,1.0,1.0,1.0,1.0,1.0,1.0,0.9359477124183007,1.0,0.7176470588235294,1.0,1.0,0.673202614379085,1.0,1.0,1.0,1.0,0.9176470588235294,0.6509803921568628,0.5189542483660131,0.23529411764705882,0.10326797385620914,0.07058823529411765,0.5163398692810458,0.9725490196078431,1.0,1.0,1.0,1.0,1.0,1.0,1.0,1.0,1.0,1.0,1.0,1.0,1.0,1.0,0.873202614379085,1.0,0.7333333333333333,1.0,1.0,0.7019607843137254,1.0,1.0,1.0,1.0,0.8562091503267973,0.5058823529411764,0.4300653594771242,0.24836601307189543,0.15947712418300652,0.1411764705882353
0.28888888888888886,0.8444444444444444,1.0,1.0,1.0,1.0,1.0,1.0,1.0,1.0,1.0,1.0,1.0,1.0,1.0,1.0,0.9228758169934641,1.0,0.7202614379084967,1.0,1.0,1.0,1.0,1.0,1.0,1.0,0.8993464052287582,0.592156862745098,0.4588235294117647,0.23137254901960785,0.1437908496732026,0.12287581699346405,0.5895424836601307,1.0,1.0,1.0,1.0,1.0,1.0,1.0,1.0,1.0,1.0,1.0,1.0,1.0,1.0,1.0,0.8980392156862745,1.0,0.6967320261437908,1.0,1.0,1.0,1.0,1.0,1.0,1.0,0.8797385620915033,0.5437908496732026,0.4300653594771242,0.17777777777777778,0.05751633986928104,0.02875816993464052,0.4287581699346405,0.9647058823529412,1.0,1.0,1.0,1.0,1.0,1.0,1.0,1.0,1.0,1.0,1.0,1.0,1.0,1.0,0.9281045751633987,1.0,0.6967320261437908,1.0,1.0,1.0,1.0,1.0,1.0,1.0,0.8993464052287582,0.5843137254901961,0.4444444444444444,0.16993464052287582,0.06143790849673202,0.036601307189542485,0.5830065359477125,1.0,1.0,1.0,1.0,1.0,1.0,1.0,1.0,1.0,1.0,1.0,1.0,1.0,1.0,1.0,0.873202614379085,1.0,0.7176470588235294,1.0,1.0,1.0,1.0,1.0,1.0,1.0,0.85359477124183,0.49411764705882355,0.40522875816993464,0.21568627450980393,0.14248366013071895,0.11503267973856209
0.25098039215686274,0.7124183006535948,1.0,1.0,1.0,1.0,1.0,1.0,1.0,1.0,1.0,1.0,1.0,1.0,1.0,1.0,0.8261437908496732,1.0,0.7176470588235294,1.0,1.0,0.7006535947712418,1.0,1.0,1.0,1.0,0.8169934640522876,0.39477124183006534,0.3281045751633987,0.19477124183006536,0.13725490196078433,0.12549019607843137,0.5359477124183006,0.9947712418300654,1.0,1.0,1.0,1.0,1.0,1.0,1.0,1.0,1.0,1.0,1.0,1.0,1.0,1.0,0.7973856209150327,1.0,0.6862745098039216,1.0,1.0,0.673202614379085,1.0,1.0,1.0,1.0,0.7856209150326797,0.30718954248366015,0.2522875816993464,0.10588235294117647,0.02875816993464052,0.022222222222222223,0.48366013071895425,0.9712418300653595,1.0,1.0,1.0,1.0,1.0,1.0,1.0,1.0,1.0,1.0,1.0,1.0,1.0,1.0,0.7947712418300653,1.0,0.6836601307189543,1.0,1.0,0.673202614379085,1.0,1.0,1.0,1.0,0.788235294117647,0.3111111111111111,0.24836601307189543,0.09411764705882353,0.036601307189542485,0.023529411764705882,0.3869281045751634,0.8444444444444444,1.0,1.0,1.0,1.0,1.0,1.0,1.0,1.0,1.0,1.0,1.0,1.0,1.0,1.0,0.8169934640522876,1.0,0.7137254901960784,1.0,1.0,0.7045751633986929,1.0,1.0,1.0,1.0,0.807843137254902,0.3738562091503268,0.31895424836601305,0.17908496732026144,0.12418300653594772,0.11372549019607843
0.19607843137254902,0.3196078431372549,0.515686274509804,0.7568627450980392,0.9862745098039216,1.0,1.0,1.0,1.0,1.0,1.0,1.0,1.0,1.0,1.0,1.0,1.0,1.0,1.0,1.0,1.0,1.0,1.0,1.0,0.6803921568627451,1.0,1.0,1.0,0.5666666666666667,1.0,1.0,1.0,1.0,1.0,1.0,1.0,1.0,1.0,1.0,0.9941176470588236,0.3196078431372549,0.2803921568627451,0.2411764705882353,0.21764705882352942,0.12745098039215685,0.11960784313725491,0.21176470588235294,0.4588235294117647,0.707843137254902,0.9568627450980393,1.0,1.0,1.0,1.0,1.0,1.0,1.0,1.0,1.0,1.0,1.0,1.0,1.0,1.0,1.0,1.0,1.0,1.0,1.0,1.0,0.6313725490196078,1.0,1.0,1.0,0.5117647058823529,1.0,1.0,1.0,1.0,1.0,1.0,1.0,1.0,1.0,0.9803921568627451,0.8686274509803922,0.5176470588235295,0.2196078431372549,0.18235294117647058,0.15490196078431373,0.0803921568627451,0.023529411764705882,0.013725490196078431,0.34705882352941175,0.5764705882352941,0.8470588235294118,1.0,1.0,1.0,1.0,1.0,1.0,1.0,1.0,1.0,1.0,1.0,1.0,1.0,1.0,1.0,1.0,1.0,1.0,1.0,1.0,1.0,0.6372549019607843,1.0,1.0,1.0,0.5137254901960784,1.0,1.0,1.0,1.0,1.0,1.0
0.21437908496732025,0.6392156862745098,1.0,1.0,1.0,1.0,1.0,1.0,1.0,1.0,1.0,1.0,1.0,1.0,1.0,1.0,1.0,1.0,0.7359477124183007,1.0,1.0,0.6980392156862745,1.0,1.0,1.0,1.0,1.0,0.8405228758169935,0.6379084967320261,0.30718954248366015,0.16993464052287582,0.1477124183006536,0.5019607843137255,0.9947712418300654,1.0,1.0,1.0,1.0,1.0,1.0,1.0,1.0,1.0,1.0,1.0,1.0,1.0,1.0,0.9699346405228758,1.0,0.7084967320261438,1.0,1.0,0.6692810457516339,1.0,1.0,1.0,1.0,0.9464052287581699,0.6967320261437908,0.526797385620915,0.2169934640522876,0.07973856209150326,0.06405228758169934,0.4888888888888889,0.9882352941176471,1.0,1.0,1.0,1.0,1.0,1.0,1.0,1.0,1.0,1.0,1.0,1.0,1.0,1.0,1.0,1.0,0.7058823529411765,1.0,1.0,0.673202614379085,1.0,1.0,1.0,1.0,0.9895424836601308,0.8013071895424837,0.5895424836601307,0.23398692810457516,0.07712418300653595,0.05620915032679739,0.2522875816993464,0.7163398692810458,1.0,1.0,1.0,1.0,1.0,1.0,1.0,1.0,1.0,1.0,1.0,1.0,1.0,1.0,0.9568627450980393,1.0,0.726797385620915,1.0,1.0,0.7006535947712418,1.0,1.0,1.0,1.0,0.9294117647058824,0.6758169934640523,0.5320261437908497,0.26405228758169935,0.15163398692810456,0.13725490196078433
0.2196078431372549,0.5202614379084968,0.9477124183006536,1.0,1.0,1.0,1.0,1.0,1.0,1.0,1.0,1.0,1.0,1.0,1.0,1.0,0.8104575163398693,1.0,0.7215686274509804,1.0,1.0,0.7045751633986929,1.0,1.0,1.0,1.0,0.7986928104575164,0.3712418300653595,0.31633986928104574,0.20784313725490197,0.13856209150326798,0.134640522875817,0.43137254901960786,0.9176470588235294,1.0,1.0,1.0,1.0,1.0,1.0,1.0,1.0,1.0,1.0,1.0,1.0,1.0,1.0,0.788235294117647,1.0,0.6888888888888889,1.0,1.0,0.6705882352941176,1.0,1.0,1.0,0.9581699346405229,0.6758169934640523,0.2980392156862745,0.24444444444444444,0.11372549019607843,0.048366013071895426,0.03790849673202614,0.3790849673202614,0.85359477124183,1.0,1.0,1.0,1.0,1.0,1.0,1.0,1.0,1.0,1.0,1.0,1.0,1.0,1.0,0.7986928104575164,1.0,0.6901960784313725,1.0,1.0,0.673202614379085,1.0,1.0,1.0,1.0,0.7790849673202614,0.3215686274509804,0.265359477124183,0.11372549019607843,0.05751633986928104,0.03790849673202614,0.34901960784313724,0.7111111111111111,0.996078431372549,1.0,1.0,1.0,1.0,1.0,1.0,1.0,1.0,1.0,1.0,1.0,1.0,1.0,0.7908496732026143,1.0,0.7163398692810458,1.0,1.0,0.7006535947712418,1.0,1.0,1.0,0.9163398692810457,0.6496732026143791,0.3281045751633987,0.2823529411764706,0.17647058823529413,0.13202614379084968,0.11633986928104575
0.2261437908496732,0.6026143790849673,1.0,1.0,1.0,1.0,1.0,1.0,1.0,1.0,1.0,1.0,1.0,1.0,1.0,1.0,0.9568627450980393,1.0,0.7176470588235294,1.0,1.0,0.7032679738562092,1.0,1.0,1.0,1.0,0.9294117647058824,0.6679738562091503,0.5098039215686274,0.23921568627450981,0.13594771241830064,0.12287581699346405,0.4849673202614379,0.9699346405228758,1.0,1.0,1.0,1.0,1.0,1.0,1.0,1.0,1.0,1.0,1.0,1.0,1.0,1.0,0.9071895424836601,1.0,0.6836601307189543,1.0,1.0,0.6666666666666666,1.0,1.0,1.0,1.0,0.8862745098039215,0.5555555555555556,0.41568627450980394,0.1477124183006536,0.032679738562091505,0.02091503267973856,0.4718954248366013,0.9673202614379085,1.0,1.0,1.0,1.0,1.0,1.0,1.0,1.0,1.0,1.0,1.0,1.0,1.0,1.0,0.9267973856209151,1.0,0.6862745098039216,1.0,1.0,0.6692810457516339,1.0,1.0,1.0,1.0,0.9032679738562092,0.5790849673202615,0.42745098039215684,0.1437908496732026,0.040522875816993466,0.018300653594771243,0.257516339869281,0.6287581699346405,0.9856209150326798,1.0,1.0,1.0,1.0,1.0,1.0,1.0,1.0,1.0,1.0,1.0,1.0,1.0,0.9163398692810457,1.0,0.7176470588235294,1.0,1.0,0.6993464052287581,1.0,1.0,1.0,1.0,0.8967320261437909,0.5947712418300654,0.46143790849673205,0.2196078431372549,0.11764705882352941,0.10980392156862745
0.23790849673202613,0.5333333333333333,0.9241830065359478,1.0,1.0,1.0,1.0,1.0,1.0,1.0,1.0,1.0,1.0,1.0,1.0,1.0,0.8026143790849674,1.0,0.7137254901960784,1.0,1.0,0.7045751633986929,1.0,1.0,1.0,1.0,0.796078431372549,0.3333333333333333,0.27450980392156865,0.17124183006535948,0.12287581699346405,0.12026143790849673,0.45751633986928103,0.9045751633986928,1.0,1.0,1.0,1.0,1.0,1.0,1.0,1.0,1.0,1.0,1.0,1.0,1.0,1.0,0.7816993464052288,1.0,0.6823529411764706,1.0,1.0,0.6692810457516339,1.0,1.0,1.0,1.0,0.7712418300653595,0.2718954248366013,0.2065359477124183,0.08758169934640522,0.026143790849673203,0.018300653594771243,0.46405228758169936,0.9176470588235294,1.0,1.0,1.0,1.0,1.0,1.0,1.0,1.0,1.0,1.0,1.0,1.0,1.0,1.0,0.7908496732026143,1.0,0.6836601307189543,1.0,1.0,0.6679738562091503,1.0,1.0,1.0,1.0,0.7790849673202614,0.2849673202614379,0.21045751633986928,0.08888888888888889,0.032679738562091505,0.01699346405228758,0.2679738562091503,0.5333333333333333,0.8666666666666667,1.0,1.0,1.0,1.0,1.0,1.0,1.0,1.0,1.0,1.0,1.0,1.0,1.0,0.7830065359477124,1.0,0.7058823529411765,1.0,1.0,0.6980392156862745,1.0,1.0,1.0,1.0,0.7633986928104575,0.28627450980392155,0.23398692810457516,0.15294117647058825,0.1084967320261438,0.09934640522875816
0.23137254901960785,0.6019607843137255,1.0,1.0,1.0,1.0,1.0,1.0,1.0,1.0,1.0,1.0,1.0,1.0,1.0,1.0,1.0,1.0,1.0,1.0,1.0,1.0,1.0,1.0,0.6372549019607843,1.0,1.0,1.0,0.5549019607843138,1.0,1.0,1.0,1.0,1.0,1.0,1.0,1.0,1.0,1.0,1.0,0.24509803921568626,0.23333333333333334,0.2,0.1803921568627451,0.5941176470588235,1.0,1.0,1.0,1.0,1.0,1.0,1.0,1.0,1.0,1.0,1.0,1.0,1.0,1.0,1.0,1.0,1.0,1.0,1.0,1.0,1.0,1.0,1.0,0.6078431372549019,1.0,1.0,1.0,0.503921568627451,1.0,1.0,1.0,1.0,1.0,1.0,1.0,1.0,1.0,1.0,0.9352941176470588,0.1843137254901961,0.1411764705882353,0.10980392156862745,0.09411764705882353,0.6,1.0,1.0,1.0,1.0,1.0,1.0,1.0,1.0,1.0,1.0,1.0,1.0,1.0,1.0,1.0,1.0,1.0,1.0,1.0,1.0,1.0,1.0,1.0,0.6,1.0,1.0,1.0,0.5,1.0,1.0,1.0,1.0,1.0,1.0,1.0,1.0,1.0,1.0,0.9901960784313726
0.47058823529411764,0.8960784313725491,1.0,1.0,1.0,1.0,1.0,1.0,1.0,1.0,1.0,1.0,1.0,1.0,1.0,1.0,1.0,1.0,1.0,1.0,1.0,1.0,1.0,1.0,0.6372549019607843,1.0,1.0,1.0,0.5549019607843138,1.0,1.0,1.0,1.0,1.0,1.0,1.0,1.0,1.0,1.0,1.0,0.25098039215686274,0.22156862745098038,0.19215686274509805,0.16470588235294117,0.1980392156862745,0.49607843137254903,0.8980392156862745,1.0,1.0,1.0,1.0,1.0,1.0,1.0,1.0,1.0,1.0,1.0,1.0,1.0,1.0,1.0,1.0,1.0,1.0,1.0,1.0,1.0,0.5941176470588235,1.0,1.0,1.0,0.5098039215686274,1.0,1.0,1.0,1.0,1.0,1.0,1.0,1.0,1.0,1.0,0.8980392156862745,0.1568627450980392,0.13725490196078433,0.09411764705882353,0.07647058823529412,0.023529411764705882,0.17058823529411765,0.49607843137254903,0.9372549019607843,1.0,1.0,1.0,1.0,1.0,1.0,1.0,1.0,1.0,1.0,1.0,1.0,1.0,1.0,1.0,1.0,1.0,1.0,1.0,1.0,0.6019607843137255,1.0,1.0,1.0,0.5078431372549019,1.0,1.0,1.0,1.0,1.0,1.0,1.0,1.0,1.0,1.0,1.0
0.5333333333333333,0.9627450980392157,1.0,1.0,1.0,1.0,1.0,1.0,1.0,1.0,1.0,1.0,1.0,1.0,1.0,1.0,1.0,1.0,1.0,1.0,0.7509803921568627,1.0,1.0,1.0,0.5666666666666667,1.0,1.0,1.0,1.0,1.0,1.0,1.0,1.0,1.0,1.0,1.0,0.4823529411764706,0.4117647058823529,0.3607843137254902,0.3,0.12941176470588237,0.11568627450980393,0.28823529411764703,0.6745098039215687,1.0,1.0,1.0,1.0,1.0,1.0,1.0,1.0,1.0,1.0,1.0,1.0,1.0,1.0,1.0,1.0,1.0,1.0,0.6941176470588235,1.0,1.0,1.0,0.5137254901960784,1.0,1.0,1.0,1.0,1.0,1.0,1.0,1.0,1.0,1.0,1.0,0.3764705882352941,0.3058823529411765,0.2529411764705882,0.1980392156862745,0.01568627450980392,0.011764705882352941,0.03725490196078431,0.2411764705882353,0.6627450980392157,1.0,1.0,1.0,1.0,1.0,1.0,1.0,1.0,1.0,1.0,1.0,1.0,1.0,1.0,1.0,1.0,1.0,0.7392156862745098,1.0,1.0,1.0,0.515686274509804,1.0,1.0,1.0,1.0,1.0,1.0,1.0,1.0,1.0,1.0,1.0,0.4019607843137255,0.3333333333333333,0.2823529411764706,0.22549019607843138,0.03529411764705882,0.03137254901960784,0.7862745098039216,1.0
0.22941176470588234,0.40588235294117647,0.6588235294117647,0.9411764705882353,1.0,1.0,1.0,1.0,1.0,1.0,1.0,1.0,1.0,1.0,1.0,1.0,1.0,1.0,1.0,1.0,1.0,1.0,1.0,1.0,0.6431372549019608,1.0,1.0,1.0,0.5549019607843138,1.0,1.0,1.0,1.0,1.0,1.0,1.0,1.0,1.0,1.0,1.0,0.2627450980392157,0.23529411764705882,0.2,0.17254901960784313,0.3588235294117647,0.6745098039215687,0.9705882352941176,1.0,1.0,1.0,1.0,1.0,1.0,1.0,1.0,1.0,1.0,1.0,1.0,1.0,1.0,1.0,1.0,1.0,1.0,1.0,1.0,1.0,0.6098039215686275,1.0,1.0,1.0,0.5078431372549019,1.0,1.0,1.0,1.0,1.0,1.0,1.0,1.0,1.0,1.0,0.8921568627450981,0.18627450980392157,0.1568627450980392,0.11372549019607843,0.08431372549019608,0.12941176470588237,0.33725490196078434,0.6647058823529411,0.9647058823529412,1.0,1.0,1.0,1.0,1.0,1.0,1.0,1.0,1.0,1.0,1.0,1.0,1.0,1.0,1.0,1.0,1.0,1.0,1.0,1.0,0.6078431372549019,1.0,1.0,1.0,0.5078431372549019,1.0,1.0,1.0,1.0,1.0,1.0,1.0,1.0,1.0,1.0,0.9764705882352941
0.23333333333333334,0.34705882352941175,0.5137254901960784,0.7352941176470589,0.9529411764705882,1.0,1.0,1.0,1.0,1.0,1.0,1.0,1.0,1.0,1.0,1.0,1.0,1.0,1.0,1.0,0.8,1.0,1.0,1.0,0.5784313725490197,1.0,1.0,1.0,0.5568627450980392,1.0,1.0,1.0,1.0,1.0,1.0,1.0,0.5843137254901961,0.49607843137254903,0.4215686274509804,0.3686274509803922,0.1411764705882353,0.13529411764705881,0.12941176470588237,0.12352941176470589,0.30196078431372547,0.46862745098039216,0.6627450980392157,0.8666666666666667,1.0,1.0,1.0,1.0,1.0,1.0,1.0,1.0,1.0,1.0,1.0,1.0,1.0,1.0,1.0,1.0,0.792156862745098,1.0,1.0,1.0,0.5392156862745098,1.0,1.0,1.0,0.5058823529411764,1.0,1.0,1.0,1.0,1.0,1.0,1.0,0.5666666666666667,0.4823529411764706,0.403921568627451,0.3431372549019608,0.06470588235294118,0.043137254901960784,0.03725490196078431,0.025490196078431372,0.3686274509803922,0.5686274509803921,0.8156862745098039,1.0,1.0,1.0,1.0,1.0,1.0,1.0,1.0,1.0,1.0,1.0,1.0,1.0,1.0,1.0,1.0,1.0,0.8098039215686275,1.0,1.0,1.0,0.5372549019607843,1.0,1.0,1.0,0.5058823529411764,1.0,1.0,1.0,1.0,1.0,1.0,1.0,0.5529411764705883,0.4568627450980392,0.39215686274509803,0.3215686274509804
0.5117647058823529,1.0,1.0,1.0,1.0,1.0,1.0,1.0,1.0,1.0,1.0,1.0,1.0,1.0,1.0,1.0,1.0,1.0,1.0,1.0,0.9313725490196079,1.0,1.0,1.0,0.5843137254901961,1.0,1.0,1.0,0.5549019607843138,1.0,1.0,1.0,1.0,1.0,1.0,1.0,0.7647058823529411,0.6215686274509804,0.5294117647058824,0.4411764705882353,0.17058823529411765,0.15490196078431373,0.1450980392156863,0.13529411764705881,0.32941176470588235,0.9235294117647059,1.0,1.0,1.0,1.0,1.0,1.0,1.0,1.0,1.0,1.0,1.0,1.0,1.0,1.0,1.0,1.0,1.0,1.0,0.8745098039215686,1.0,1.0,1.0,0.5450980392156862,1.0,1.0,1.0,0.503921568627451,1.0,1.0,1.0,1.0,1.0,1.0,1.0,0.6509803921568628,0.5372549019607843,0.44901960784313727,0.37058823529411766,0.08823529411764706,0.07058823529411765,0.047058823529411764,0.049019607843137254,0.043137254901960784,0.3509803921568627,0.9627450980392157,1.0,1.0,1.0,1.0,1.0,1.0,1.0,1.0,1.0,1.0,1.0,1.0,1.0,1.0,1.0,1.0,1.0,0.9392156862745098,1.0,1.0,1.0,0.5549019607843138,1.0,1.0,1.0,0.5078431372549019,1.0,1.0,1.0,1.0,1.0,1.0,1.0,0.7549019607843137,0.6215686274509804,0.5098039215686274,0.4117647058823529
0.4647058823529412,1.0,1.0,1.0,1.0,1.0,1.0,1.0,1.0,1.0,1.0,1.0,1.0,1.0,1.0,1.0,1.0,1.0,1.0,1.0,1.0,1.0,1.0,1.0,0.6450980392156863,1.0,1.0,1.0,0.5588235294117647,1.0,1.0,1.0,1.0,1.0,1.0,1.0,1.0,1.0,1.0,0.9705882352941176,0.2784313725490196,0.24705882352941178,0.21568627450980393,0.1980392156862745,0.11176470588235295,0.28627450980392155,0.8509803921568627,1.0,1.0,1.0,1.0,1.0,1.0,1.0,1.0,1.0,1.0,1.0,1.0,1.0,1.0,1.0,1.0,1.0,1.0,1.0,1.0,1.0,1.0,0.5980392156862745,1.0,1.0,1.0,0.5078431372549019,1.0,1.0,1.0,1.0,1.0,1.0,1.0,1.0,1.0,0.8980392156862745,0.7529411764705882,0.17647058823529413,0.15098039215686274,0.11960784313725491,0.09803921568627451,0.00784313725490196,0.027450980392156862,0.2803921568627451,0.884313725490196,1.0,1.0,1.0,1.0,1.0,1.0,1.0,1.0,1.0,1.0,1.0,1.0,1.0,1.0,1.0,1.0,1.0,1.0,1.0,1.0,1.0,0.615686274509804,1.0,1.0,1.0,0.5078431372549019,1.0,1.0,1.0,1.0,1.0,1.0,1.0,1.0,1.0
0.5372549019607843,1.0,1.0,1.0,1.0,1.0,1.0,1.0,1.0,1.0,1.0,1.0,1.0,1.0,1.0,1.0,1.0,1.0,1.0,1.0,1.0,1.0,1.0,1.0,0.6019607843137255,1.0,1.0,1.0,0.5549019607843138,1.0,1.0,1.0,1.0,1.0,1.0,1.0,1.0,0.9588235294117647,0.7823529411764706,0.6450980392156863,0.20392156862745098,0.18235294117647058,0.16862745098039217,0.15490196078431373,0.3333333333333333,0.9431372549019608,1.0,1.0,1.0,1.0,1.0,1.0,1.0,1.0,1.0,1.0,1.0,1.0,1.0,1.0,1.0,1.0,1.0,1.0,1.0,1.0,1.0,1.0,0.5627450980392157,1.0,1.0,1.0,0.5098039215686274,1.0,1.0,1.0,1.0,1.0,1.0,1.0,0.9215686274509803,0.7725490196078432,0.6294117647058823,0.5313725490196078,0.12156862745098039,0.10392156862745099,0.0784313725490196,0.054901960784313725,0.027450980392156862,0.3254901960784314,0.9372549019607843,1.0,1.0,1.0,1.0,1.0,1.0,1.0,1.0,1.0,1.0,1.0,1.0,1.0,1.0,1.0,1.0,1.0,1.0,1.0,1.0,1.0,0.5607843137254902,1.0,1.0,1.0,0.5058823529411764,1.0,1.0,1.0,1.0,1.0,1.0,1.0,0.9980392156862745,0.8372549019607843,0.6784313725490196,0.5450980392156862
0.24705882352941178,0.692156862745098,1.0,1.0,1.0,1.0,1.0,1.0,1.0,1.0,1.0,1.0,1.0,1.0,1.0,1.0,1.0,1.0,1.0,1.0,0.7058823529411765,1.0,1.0,1.0,0.5588235294117647,1.0,1.0,1.0,1.0,1.0,1.0,1.0,1.0,1.0,1.0,1.0,0.36470588235294116,0.30980392156862746,0.2627450980392157,0.23529411764705882,0.11960784313725491,0.11764705882352941,0.27647058823529413,0.8803921568627451,1.0,1.0,1.0,1.0,1.0,1.0,1.0,1.0,1.0,1.0,1.0,1.0,1.0,1.0,1.0,1.0,1.0,1.0,0.6803921568627451,1.0,1.0,1.0,0.5058823529411764,1.0,1.0,1.0,1.0,1.0,1.0,1.0,1.0,1.0,1.0,1.0,0.6607843137254902,0.2725490196078431,0.2196078431372549,0.18627450980392157,0.08235294117647059,0.01568627450980392,0.00392156862745098,0.6254901960784314,1.0,1.0,1.0,1.0,1.0,1.0,1.0,1.0,1.0,1.0,1.0,1.0,1.0,1.0,1.0,1.0,1.0,1.0,1.0,0.6784313725490196,1.0,1.0,1.0,0.5137254901960784,1.0,1.0,1.0,1.0,1.0,1.0,1.0,1.0,1.0,1.0,1.0,0.3,0.23529411764705882,0.1843137254901961,0.1607843137254902,0.01764705882352941,0.011764705882352941,0.11960784313725491
0.22156862745098038,0.5392156862745098,1.0,1.0,1.0,1.0,1.0,1.0,1.0,1.0,1.0,1.0,1.0,1.0,1.0,1.0,1.0,1.0,1.0,1.0,1.0,1.0,1.0,1.0,0.6647058823529411,1.0,1.0,1.0,0.5647058823529412,1.0,1.0,1.0,1.0,1.0,1.0,1.0,1.0,1.0,1.0,1.0,0.3137254901960784,0.27450980392156865,0.24705882352941178,0.20392156862745098,0.2647058823529412,0.8509803921568627,1.0,1.0,1.0,1.0,1.0,1.0,1.0,1.0,1.0,1.0,1.0,1.0,1.0,1.0,1.0,1.0,1.0,1.0,1.0,1.0,1.0,1.0,0.6294117647058823,1.0,1.0,1.0,0.5098039215686274,1.0,1.0,1.0,1.0,1.0,1.0,1.0,1.0,1.0,1.0,0.9705882352941176,0.5568627450980392,0.20392156862745098,0.17450980392156862,0.12941176470588237,0.060784313725490195,0.5764705882352941,1.0,1.0,1.0,1.0,1.0,1.0,1.0,1.0,1.0,1.0,1.0,1.0,1.0,1.0,1.0,1.0,1.0,1.0,1.0,1.0,1.0,1.0,1.0,0.6411764705882353,1.0,1.0,1.0,0.5137254901960784,1.0,1.0,1.0,1.0,1.0,1.0,1.0,1.0,1.0,1.0
0.26666666666666666,0.8967320261437909,1.0,1.0,1.0,1.0,1.0,1.0,1.0,1.0,1.0,1.0,1.0,1.0,1.0,1.0,0.9019607843137255,1.0,0.722875816993464,1.0,1.0,0.7032679738562092,1.0,1.0,1.0,1.0,0.9019607843137255,0.5934640522875817,0.4718954248366013,0.24705882352941178,0.15555555555555556,0.14248366013071895,0.6444444444444445,1.0,1.0,1.0,1.0,1.0,1.0,1.0,1.0,1.0,1.0,1.0,1.0,1.0,1.0,1.0,0.8562091503267973,1.0,0.6888888888888889,1.0,1.0,0.6666666666666666,1.0,1.0,1.0,1.0,0.8562091503267973,0.48366013071895425,0.3712418300653595,0.1450980392156863,0.05751633986928104,0.036601307189542485,0.657516339869281,1.0,1.0,1.0,1.0,1.0,1.0,1.0,1.0,1.0,1.0,1.0,1.0,1.0,1.0,1.0,0.9137254901960784,1.0,0.6980392156862745,1.0,1.0,0.6705882352941176,1.0,1.0,1.0,1.0,0.8797385620915033,0.5594771241830065,0.4091503267973856,0.16862745098039217,0.06013071895424837,0.043137254901960784,0.32941176470588235,0.930718954248366,1.0,1.0,1.0,1.0,1.0,1.0,1.0,1.0,1.0,1.0,1.0,1.0,1.0,1.0,0.8705882352941177,1.0,0.7176470588235294,1.0,1.0,0.7006535947712418,1.0,1.0,1.0,1.0,0.8549019607843137,0.48627450980392156,0.38823529411764707,0.2065359477124183,0.12679738562091503,0.12156862745098039
0.6137254901960785,1.0,1.0,1.0,1.0,1.0,1.0,1.0,1.0,1.0,1.0,1.0,1.0,1.0,1.0,1.0,1.0,1.0,1.0,1.0,1.0,1.0,1.0,1.0,0.7313725490196078,1.0,1.0,1.0,0.5705882352941176,1.0,1.0,1.0,1.0,1.0,1.0,1.0,1.0,1.0,1.0,1.0,0.40588235294117647,0.3431372549019608,0.3,0.27058823529411763,0.13725490196078433,0.12549019607843137,0.12352941176470589,0.2196078431372549,0.8431372549019608,1.0,1.0,1.0,1.0,1.0,1.0,1.0,1.0,1.0,1.0,1.0,1.0,1.0,1.0,1.0,1.0,1.0,1.0,1.0,1.0,1.0,1.0,0.6980392156862745,1.0,1.0,1.0,0.5215686274509804,1.0,1.0,1.0,1.0,1.0,1.0,1.0,1.0,1.0,1.0,1.0,0.6764705882352942,0.3176470588235294,0.2549019607843137,0.20588235294117646,0.11764705882352941,0.041176470588235294,0.027450980392156862,0.013725490196078431,0.058823529411764705,0.4725490196078431,1.0,1.0,1.0,1.0,1.0,1.0,1.0,1.0,1.0,1.0,1.0,1.0,1.0,1.0,1.0,1.0,1.0,1.0,1.0,1.0,1.0,1.0,0.6980392156862745,1.0,1.0,1.0,0.5215686274509804,1.0,1.0,1.0,1.0
0.5294117647058824,1.0,1.0,1.0,1.0,1.0,1.0,1.0,1.0,1.0,1.0,1.0,1.0,1.0,1.0,1.0,0.9934640522875817,1.0,0.734640522875817,1.0,1.0,0.7019607843137254,1.0,1.0,1.0,1.0,0.9712418300653595,0.7764705882352941,0.6169934640522876,0.3137254901960784,0.17647058823529413,0.16601307189542483,0.4418300653594771,0.9803921568627451,1.0,1.0,1.0,1.0,1.0,1.0,1.0,1.0,1.0,1.0,1.0,1.0,1.0,1.0,0.9124183006535947,1.0,0.7045751633986929,1.0,1.0,0.6705882352941176,1.0,1.0,1.0,1.0,0.8941176470588236,0.5908496732026144,0.4588235294117647,0.19607843137254902,0.0784313725490196,0.06013071895424837,0.07320261437908497,0.550326797385621,1.0,1.0,1.0,1.0,1.0,1.0,1.0,1.0,1.0,1.0,1.0,1.0,1.0,1.0,0.9895424836601308,1.0,0.7150326797385621,1.0,1.0,0.6718954248366014,1.0,1.0,1.0,1.0,0.9620915032679739,0.7529411764705882,0.5856209150326798,0.23790849673202613,0.09411764705882353,0.06535947712418301,0.796078431372549,1.0,1.0,1.0,1.0,1.0,1.0,1.0,1.0,1.0,1.0,1.0,1.0,1.0,1.0,1.0,0.9006535947712418,1.0,0.726797385620915,1.0,1.0,0.6954248366013072,1.0,1.0,1.0,1.0,0.8797385620915033,0.5660130718954248,0.4549019607843137,0.24836601307189543,0.15555555555555556,0.12810457516339868
0.3254901960784314,0.930718954248366,1.0,1.0,1.0,1.0,1.0,1.0,1.0,1.0,1.0,1.0,1.0,1.0,1.0,1.0,1.0,1.0,0.7751633986928105,1.0,1.0,0.7045751633986929,1.0,1.0,1.0,1.0,1.0,1.0,1.0,0.5333333333333333,0.25882352941176473,0.2130718954248366,0.7660130718954249,1.0,1.0,1.0,1.0,1.0,1.0,1.0,1.0,1.0,1.0,1.0,1.0,1.0,1.0,1.0,1.0,1.0,0.74640522875817,1.0,1.0,0.6745098039215687,1.0,1.0,1.0,1.0,1.0,1.0,0.9372549019607843,0.4117647058823529,0.1738562091503268,0.12418300653594772,0.7751633986928105,1.0,1.0,1.0,1.0,1.0,1.0,1.0,1.0,1.0,1.0,1.0,1.0,1.0,1.0,1.0,1.0,1.0,0.7542483660130719,1.0,1.0,0.6745098039215687,1.0,1.0,1.0,1.0,1.0,1.0,1.0,0.4745098039215686,0.17777777777777778,0.12679738562091503,0.3803921568627451,0.9581699346405229,1.0,1.0,1.0,1.0,1.0,1.0,1.0,1.0,1.0,1.0,1.0,1.0,1.0,1.0,1.0,1.0,0.7620915032679738,1.0,1.0,0.7045751633986929,1.0,1.0,1.0,1.0,1.0,1.0,0.9333333333333333,0.44575163398692813,0.22091503267973855,0.18562091503267975
0.2496732026143791,0.8169934640522876,1.0,1.0,1.0,1.0,1.0,1.0,1.0,1.0,1.0,1.0,1.0,1.0,1.0,1.0,1.0,1.0,1.0,1.0,1.0,0.7372549019607844,1.0,1.0,0.7045751633986929,1.0,1.0,1.0,1.0,1.0,0.9764705882352941,0.7555555555555555,0.19084967320261437,0.16339869281045752,0.22483660130718955,0.8901960784313725,1.0,1.0,1.0,1.0,1.0,1.0,1.0,1.0,1.0,1.0,1.0,1.0,1.0,1.0,1.0,1.0,1.0,1.0,1.0,1.0,0.7071895424836602,1.0,0.6705882352941176,1.0,1.0,1.0,1.0,1.0,0.9830065359477124,0.7777777777777778,0.44313725490196076,0.07973856209150326,0.05359477124183006,0.3607843137254902,1.0,1.0,1.0,1.0,1.0,1.0,1.0,1.0,1.0,1.0,1.0,1.0,1.0,1.0,1.0,1.0,1.0,1.0,1.0,1.0,0.7045751633986929,1.0,1.0,0.6705882352941176,1.0,1.0,1.0,1.0,1.0,0.9908496732026144,0.7712418300653595,0.27058823529411763,0.07058823529411765,0.05359477124183006,0.26405228758169935,0.8326797385620915,1.0,1.0,1.0,1.0,1.0,1.0,1.0,1.0,1.0,1.0,1.0,1.0,1.0,1.0,1.0,1.0,1.0,1.0,1.0,0.7281045751633987,1.0,1.0
0.3437908496732026,0.9725490196078431,1.0,1.0,1.0,1.0,1.0,1.0,1.0,1.0,1.0,1.0,1.0,1.0,1.0,1.0,1.0,1.0,0.7934640522875817,1.0,1.0,0.734640522875817,1.0,1.0,0.7124183006535948,1.0,1.0,0.9516339869281045,0.8261437908496732,0.49411764705882355,0.3333333333333333,0.29673202614379085,0.1803921568627451,0.17777777777777778,0.14640522875816994,0.12026143790849673,0.7633986928104575,1.0,1.0,1.0,1.0,1.0,1.0,1.0,1.0,1.0,1.0,1.0,1.0,1.0,1.0,1.0,0.9830065359477124,1.0,0.7803921568627451,1.0,1.0,0.7071895424836602,1.0,1.0,0.6797385620915033,1.0,0.9686274509803922,0.8235294117647058,0.7202614379084967,0.43529411764705883,0.27450980392156865,0.23529411764705882,0.1084967320261438,0.10065359477124183,0.06274509803921569,0.026143790849673203,0.7777777777777778,1.0,1.0,1.0,1.0,1.0,1.0,1.0,1.0,1.0,1.0,1.0,1.0,1.0,1.0,1.0,1.0,1.0,0.792156862745098,1.0,1.0,0.7058823529411765,1.0,1.0,0.6784313725490196,1.0,1.0,0.9803921568627451,0.8588235294117647,0.48627450980392156,0.3006535947712418,0.26143790849673204,0.12418300653594772,0.10457516339869281,0.0718954248366013,0.03137254901960784,0.4496732026143791,1.0,1.0,1.0,1.0,1.0,1.0,1.0,1.0,1.0,1.0,1.0,1.0,1.0,1.0,1.0,0.938562091503268,1.0,0.7712418300653595,1.0
0.3196078431372549,0.9588235294117647,1.0,1.0,1.0,1.0,1.0,1.0,1.0,1.0,1.0,1.0,1.0,1.0,0.9588235294117647,1.0,0.8607843137254902,1.0,0.8205882352941176,1.0,0.8029411764705883,1.0,0.6127450980392157,0.6754901960784314,0.3411764705882353,0.38235294117647056,0.28627450980392155,0.26176470588235295,0.20588235294117646,0.1931372549019608,0.15196078431372548,0.13627450980392156,0.6950980392156862,1.0,1.0,1.0,1.0,1.0,1.0,1.0,1.0,1.0,1.0,1.0,1.0,1.0,0.9401960784313725,1.0,0.8490196078431372,1.0,0.8088235294117647,1.0,0.7813725490196078,1.0,0.5401960784313725,0.6264705882352941,0.2754901960784314,0.32941176470588235,0.22156862745098038,0.19607843137254902,0.11862745098039215,0.11078431372549019,0.047058823529411764,0.03823529411764706,0.6725490196078432,1.0,1.0,1.0,1.0,1.0,1.0,1.0,1.0,1.0,1.0,1.0,1.0,1.0,0.9784313725490196,1.0,0.8666666666666667,1.0,0.8137254901960784,1.0,0.7843137254901961,1.0,0.6411764705882353,0.7362745098039216,0.3205882352941177,0.3686274509803922,0.24215686274509804,0.21764705882352942,0.14019607843137255,0.1264705882352941,0.060784313725490195,0.047058823529411764,0.4774509803921569,1.0,1.0,1.0,1.0,1.0,1.0,1.0,1.0,1.0,1.0,1.0,1.0,1.0,0.8990196078431373,1.0,0.8352941176470589,1.0,0.8068627450980392,1.0,0.7941176470588235,0.984313725490196,0.44901960784313727,0.4950980392156863,0.26372549019607844,0.2950980392156863,0.22745098039215686,0.21372549019607842,0.1696078431372549,0.15980392156862744,0.12254901960784313,0.11372549019607843
0.33464052287581697,0.9633986928104575,1.0,1.0,1.0,1.0,1.0,1.0,1.0,1.0,1.0,1.0,1.0,1.0,1.0,1.0,0.8522875816993464,1.0,0.7202614379084967,1.0,1.0,0.7006535947712418,1.0,1.0,1.0,1.0,0.8379084967320262,0.4549019607843137,0.3712418300653595,0.2196078431372549,0.1437908496732026,0.13202614379084968,0.7647058823529411,1.0,1.0,1.0,1.0,1.0,1.0,1.0,1.0,1.0,1.0,1.0,1.0,1.0,1.0,1.0,0.8366013071895425,1.0,0.6967320261437908,1.0,1.0,0.6745098039215687,1.0,1.0,1.0,1.0,0.8209150326797385,0.41568627450980394,0.32287581699346407,0.15294117647058825,0.06274509803921569,0.048366013071895426,0.7843137254901961,1.0,1.0,1.0,1.0,1.0,1.0,1.0,1.0,1.0,1.0,1.0,1.0,1.0,1.0,1.0,0.8405228758169935,1.0,0.7045751633986929,1.0,1.0,0.6745098039215687,1.0,1.0,1.0,1.0,0.8300653594771242,0.4143790849673203,0.33725490196078434,0.15555555555555556,0.06535947712418301,0.05228758169934641,0.37254901960784315,0.984313725490196,1.0,1.0,1.0,1.0,1.0,1.0,1.0,1.0,1.0,1.0,1.0,1.0,1.0,1.0,0.8261437908496732,1.0,0.722875816993464,1.0,1.0,0.6993464052287581,1.0,1.0,1.0,1.0,0.8183006535947712,0.40522875816993464,0.34248366013071896,0.2065359477124183,0.13725490196078433,0.12156862745098039
0.2522875816993464,0.7241830065359477,1.0,1.0,1.0,1.0,1.0,1.0,1.0,1.0,1.0,1.0,1.0,1.0,1.0,1.0,0.9895424836601308,1.0,0.7816993464052288,1.0,1.0,0.726797385620915,1.0,1.0,0.7032679738562092,1.0,0.9712418300653595,0.8418300653594771,0.7294117647058823,0.4418300653594771,0.30980392156862746,0.2797385620915033,0.17124183006535948,0.15816993464052287,0.23660130718954248,0.8156862745098039,1.0,1.0,1.0,1.0,1.0,1.0,1.0,1.0,1.0,1.0,1.0,1.0,1.0,1.0,0.9137254901960784,1.0,1.0,0.7542483660130719,1.0,1.0,0.6928104575163399,1.0,0.6718954248366014,1.0,1.0,0.7973856209150327,0.6196078431372549,0.5372549019607843,0.24705882352941178,0.21045751633986928,0.15163398692810456,0.08235294117647059,0.06666666666666667,0.34509803921568627,0.9411764705882353,1.0,1.0,1.0,1.0,1.0,1.0,1.0,1.0,1.0,1.0,1.0,1.0,1.0,1.0,0.9725490196078431,1.0,1.0,0.7725490196078432,1.0,0.7032679738562092,1.0,1.0,0.6705882352941176,1.0,1.0,0.8470588235294118,0.7398692810457517,0.5294117647058824,0.2718954248366013,0.22745098039215686,0.12810457516339868,0.07712418300653595,0.07320261437908497,0.2954248366013072,0.7895424836601307,1.0,1.0,1.0,1.0,1.0,1.0,1.0,1.0,1.0,1.0,1.0,1.0,1.0,1.0,0.9084967320261438,1.0,0.7633986928104575,1.0,1.0,0.7189542483660131,1.0,1.0
